Subject_ID,Subject_Description,Keywords
1,Need gratification theory,"motivation, urge, innate, Need gratification theory"
2,Coping style,"dealing with problems, Coping style"
3,CONSEQUENCES of HAPPINESS,"after effect, effect, outcome, sequel, result, CONSEQUENCES of HAPPINESS"
4,Methods used in happiness research (other than cross-sections),"methodology, statistics, Methods used in happiness research (other than cross-sections)"
7,Time orientation,"temporal, Time orientation"
9,Conventionality of outlook,"unoriginal, common place, Conventionality of outlook"
11,Hierarchy of the correspondence with happiness: Which domain satisfactions correspond most with happiness?,"dominance, preponderance, prevalence, weight, Hierarchy of the correspondence with happiness: Which domain satisfactions correspond most with happiness?"
12,Financial situation,"earnings, income, means,  poor, rich, wealth, standard of living, Financial situation"
13,Age,"generation, ascribed status, cohort, Age"
14,Widowers,"bereaved, Widowers"
15,Morale in old age,"adjustment to old age, successful ageing, Morale in old age"
16,Effects on social bonds,"family, friends, relatives, Effects on social bonds"
17,Psychological treatment,"psychotherapy, mental training, Psychological treatment"
18,Family life cycle,"phase, stage, Family life cycle"
19,Happiness and Social Support,"back up, care, help, maintain, nourish, social capital, Happiness and Social Support"
20,Happiness levels in nations,"country, land, state, Happiness levels in nations"
21,Reviews of the literature on happiness,"state of the art, overview, literature survey, research synthesis, Reviews of the literature on happiness"
22,Happiness and social roles,"social script, expectation linked to social position, Happiness and social roles"
23,Mental defects: negative mental health,"abnormal, maladjusted, mental illness, disturbed, mad, psychopathology, Mental defects: negative mental health"
24,Factor structure of happiness inventories,"cluster, scale structure, multiple questions, Factor structure of happiness inventories"
25,Comparison across persons,"interpersonal comparison, Comparison across persons"
26,Meanings in scientific language,"formal definition, delineation, Meanings in scientific language"
27,Why low correlations?,"association, effect size, strength, Why low correlations?"
28,Social status of more and less happy people,"rank, position, class, level, category, standing, Social status of more and less happy people"
29,Gender roles,"sex, gender, male female, norm, position, sex role, Gender roles"
30,Intimate environment in childhood,"family, friends, Intimate environment in childhood"
31,Economy in vicinity,"market, production, subsistence, trade, wealth, Economy in vicinity"
32,Self-perceived health,"self rated, self report, Patient Reported Outcome (PRO), Health Related Quality of Life (HQOL), Self-perceived health"
33,Institutional living,"asylum, camp, care home, hospital, Institutional living"
34,Self-concept,"identity, self-image, self-respect, Self-concept"
35,Physical health,"body, constitution, fitness, Physical health"
36,Elderly,"aged, old, Elderly"
37,Effects on performance,"accomplishment, achievement, Effects on performance"
38,Effects on learning,"education, school, Effects on learning"
39,Comparison across nations/languages,"cross-cultural comparison, Comparison across nations/languages"
40,Relevance,"significance, importance, Relevance"
41,Demography in the nation,"age, birth, death, ethnic, gender, sex, income, education, migration, minority, social status, social rank, Demography in the nation"
42,Trend in national happiness,"country, state, land, Trend in national happiness"
43,Validity of happiness measurements,"bias, believability, credibility, soundness, trustworthy, Validity of happiness measurements"
44,Can happiness indicators be validated?,"gauged, checked, controlled, Can happiness indicators be validated?"
45,Intercorrelations between happiness indicators,"association, statistical relation, Intercorrelations between happiness indicators"
46,Components of happiness,"structure of happiness, constitutive elements, kinds, variants, Components of happiness"
47,Measures of overall happiness,"life satisfaction, life as a whole, global judgement, Measures of overall happiness"
48,Method effects,"technique of assessment bias, Method effects"
49,Self-report on direct questions,"right away, obtrusive, straight, not indirect, self rating,, Self-report on direct questions"
50,Striking the balance of life,"evaluation of life, heuristic, mental process, Striking the balance of life"
51,Satisfactions,"appraisal, appreciation, assessment, attitude, contentment, evaluation, judgment, opinion, Satisfactions"
52,Minority status,"ethnicity, ascribed status, marginal, discrimination, religion, race, cast, Minority status"
53,Perceived changes in happiness,"life event, turning point, transition, shift, Perceived changes in happiness"
54,Local setting,"city, locality town, municipality, vicinity, Local setting"
55,Neighborhood correlates of happiness,"area, block, parish, street, zone, Neighborhood correlates of happiness"
56,Recent life-events,"occurrence, event,  milestone, turning point, Recent life-events"
57,Values,"belief, opinion, evaluation, ideal, standard, conviction, philosophy, Values"
58,Happiness levels in regions,"district, canton, county, province, territory, Happiness levels in regions"
59,Widowed,"bereaved, Widowed"
60,Effects on work,"employment, occupation, labor, job, Effects on work"
61,Perceived sources of one's own happiness,"attribution, ascription, belief, cause, condition, determinant, narrative, Perceived sources of one's own happiness"
62,Social abilities,"social intelligence, social competence, Social abilities"
63,Intimate environment,"family, relatives, primary relations, intimate network, kin, Intimate environment"
64,Extraversion,"open, introvert,, Extraversion"
65,Contacts with children,"communication, interaction, Contacts with children"
66,Education,"school, learning, Education"
67,Is happiness a trait?,"character, personality, set-point, Is happiness a trait?"
68,PREVALENCE of HAPPINESS,"distribution, epidemiology, frequency, occurrence, predominance, PREVALENCE of HAPPINESS"
69,Summed mental capital,"hedonic capital, psychological capital, psychological resources, strength, stock, Summed mental capital"
70,Self report on indirect questioning,"constructed, implied, inferred, inventory, scale, test, unobtrusive, Self report on indirect questioning"
71,Expert opinion,"intellectual, scholar, professional, Expert opinion"
72,Utilitarianism,"greatest happiness principle, greater happiness for greater number, Bentham, utility, consequentialism, Utilitarianism"
73,Perceived fate control,"external control belief, inner control belief, fatalism, locomotion, Perceived fate control"
74,Retired,"pension, stopped working, Retired"
75,Trend of average happiness in places,"area, region, territory, Trend of average happiness in places"
76,Rating scales,"response options, Rating scales"
78,Unemployed,"idle, jobless, employed, occupied, Unemployed"
79,Eudaimonism,"eudaimonia, good spirit, self actualization, involved life, virtuous life, Aristotle, positive psychology, Eudaimonism"
80,Lifelong singles,"celibate, never married, Lifelong singles"
81,Marital status,"matrimony, wedlock, Marital status"
82,"High school pupils, adolescents","secondary school, teen agers, grammar school, High school pupils, adolescents"
83,Closed questions,"multiple choice, forced response, pre coded, response options, Closed questions"
84,Amenities in vicinity,"facilities, infrastructure, services, public goods, Amenities in vicinity"
86,Of compatriots,"fellow citizen, nationals, peers, Of compatriots"
87,Childlessness,"sterile, infertility, voluntary, unwanted, Childlessness"
88,Effects on mental health,"disturbed, sane, insane, Effects on mental health"
89,Currently married (vs. all unmarried),"married, wedded, living together, single, unmarried, Currently married (vs. all unmarried)"
90,Religiousness,"agnostic, atheist, devout, pious, spiritual, Religiousness"
91,Satisfaction with work,"employment, job satisfaction, Satisfaction with work"
92,Medical treatment,"curative, health care, hospital, medication, Medical treatment"
94,Political values,"ideal, ideology, principle, Political values"
95,Satisfaction with one's social position,"caste, prestige, social status, Satisfaction with one's social position"
97,Working (married) women,"working women, working wife, Working (married) women"
98,Views on happiness in philosophy,"doctrine, speculation, school of thought, theory, tradition, weltanschauung, Views on happiness in philosophy"
99,CONCEPT of HAPPINESS,"idea, conception, construct, notion, theory, CONCEPT of HAPPINESS"
100,Schools of philosophical thought,"approach, intellectual tradition, line of thought, outlook, view, weltanschauung, Schools of philosophical thought"
101,Conditions in childhood,"juvenile, young, youth, Conditions in childhood"
102,Stability of happiness,"constant, fixed, set point, trait, unstable, changing, short lived, long-term, Stability of happiness"
103,Longitudinal studies on happiness,"over time, repeated observation, wave, Longitudinal studies on happiness"
104,Western vs. Non-Western countries,"developing, underdeveloped, modern, traditional, Western vs. Non-Western countries"
105,Expert opinion,"academic, intellectual, scholar, professional, Expert opinion"
106,Models in fiction,"archetype, example, prototype, type, emblem, stereotype, novel, legend, story, film, Models in fiction"
107,Migrants,"immigrant, emigrant, refugee, expat, integration, discrimination, Migrants"
108,How do comparison standards develop?,"norm setting, How do comparison standards develop?"
109,Overview of explanations,"causal mechanisms, theory, Overview of explanations"
111,Happiness and Social Participation,"citizenship, social involvement, social capital, social inclusion, membership, Happiness and Social Participation"
114,Sex life,"sexuality, Sex life"
115,Leaving home of children,"empty nest, Leaving home of children"
116,Do positive and negative affects vary independently?,"reward centers, Do positive and negative affects vary independently?"
118,Effects on pro-social behavior,"ethical, virtuous, solidarity, Effects on pro-social behavior"
119,Happiness and Work,"employment, job, occupation, work force, Happiness and Work"
120,Response style bias,"answer style, response tendency, Response style bias"
121,Characteristics of the bond,"relation, tie, nexus, Characteristics of the bond"
122,Economic growth/decline in nation,"boom, crisis, development, recession, Economic growth/decline in nation"
123,Homosexuals,"lesbian, gay, same sex, Homosexuals"
126,Public opinion,"common people, man on street, lay theories, Public opinion"
127,Object of goals,"aim, ambition, ideal, Object of goals"
128,Satisfaction with domains of life,"life domain, field, part, Satisfaction with domains of life"
129,Perceived Level of happiness,"attribution, fame, name, reputation, Perceived Level of happiness"
130,Physiological basis of hedonic experience,"brain, cerebrum, nerve, neuron, Physiological basis of hedonic experience"
131,Physical characteristics,"body, morphology, Physical characteristics"
132,Family household,"extended family, stem  family, Family household"
133,In children,"youth, In children"
134,Object of aspirations,"aim, aspiration, longing, preference, want, Object of aspirations"
135,Religion,"faith, belief, church, spiritual, god, sacred, Religion"
136,Are people typically positive about their life?,"favorable, negative, neutral, rosy, Are people typically positive about their life?"
137,How permanent are happiness judgments?,"stable, trait, How permanent are happiness judgments?"
138,Want for work,"work motivation, job searching, Want for work"
140,Having children,"parent, family cycle, procreation, Having children"
141,Organizations,"club, voluntary organization, association, Organizations"
142,Treatments,"healing, medication, therapy, Treatments"
143,Behavioral correlates of happiness,"daily life, habit, habitus, lifestyle, manner of living, choice, way of life,, Behavioral correlates of happiness"
144,Differences in ways of evaluating life,"appraisal of life, Differences in ways of evaluating life"
147,Physical handicaps,"disability, disable, frail, Physical handicaps"
148,Cognitive abilities,"IQ, intelligence, smart, Cognitive abilities"
150,Effects on physical health,"disease, illness, flourish, languish, Effects on physical health"
151,In what conditions the most stable?,"circumstances, preconditions, In what conditions the most stable?"
153,External threats to nation,"natural disaster, international isolation, war, External threats to nation"
154,Personality,"character, complexion, trait, disposition, temperament, nature, Personality"
156,Kind of work,"business, occupation, profession, trade, Kind of work"
157,Problems of conceptualizing happiness,"delineate, define, describe, Problems of conceptualizing happiness"
158,Occupation,"job, profession, work,, Occupation"
159,Characteristics of children,"personality, kind, Characteristics of children"
160,Beliefs about happiness,"reputation, Beliefs about happiness"
163,Balance of positive and negative affect,"abs, affect balance scale, mood level, Balance of positive and negative affect"
164,Is happiness not too relative?,"adaptation, social comparison, Is happiness not too relative?"
165,Friends,"acquaintance, confidant, pal, Friends"
166,Gender,"sex, ascribed status, female, male, boys, girls, men, women, transgender, Gender"
167,Of intimates,"kin, friends, Of intimates"
168,Having goals,"planning, aimless, Having goals"
169,Having life goals,"calling, life map, plan, Having life goals"
170,On further indicators of well-being,", On further indicators of well-being"
171,Role discrepancies,"role conflict, Role discrepancies"
172,Particular disease,"health defect, health problems, illness, Particular disease"
173,Separated/divorced,"marital split-up, break-up, dissolution, Separated/divorced"
174,Causal models,"hypothesis, theory, scheme, Causal models"
175,Development of happiness,"career, course, Development of happiness"
176,Which comparison levels?,", Which comparison levels?"
177,Characteristics of the spouse,"husband, wife, mate, partner, Characteristics of the spouse"
178,Work conditions,"job conditions, Work conditions"
179,Working wife/mother,"homemaker, housewife, working mother, Working wife/mother"
180,Happiness and kind of marriage,"conjugal bond, relation, Happiness and kind of marriage"
181,The mental calculus: How do we assess how happy we are?,"appraisal, evaluation, calculation, The mental calculus: How do we assess how happy we are?"
183,Of people in general,"average citizen, common man, Of people in general"
184,Repeated questions on mood of the moment,"beeper, diary, ecological assessment, experience sampling EMS, multiple-moment measurement, time sampling, Repeated questions on mood of the moment"
187,Ways to greater happiness in society (macro level),"public choice, social engineering, social policy, Ways to greater happiness in society (macro level)"
188,Do people report honestly about their happiness?,"desirability bias, truthfulness, Do people report honestly about their happiness?"
189,What are the most current standards for whom?,"norm, What are the most current standards for whom?"
190,Affluence in nation,"wealth, affluence, rich, poverty, Affluence in nation"
191,Beliefs about Happiness,"attribution, cause, condition, orientation to happiness, Beliefs about Happiness"
192,Anti-depressive drugs,"antidepressant, prozac, Anti-depressive drugs"
193,Myths about happiness,"misunderstanding, folk tale, Myths about happiness"
194,Which standards of comparison?,"benchmark, criterion, norm, reference, Which standards of comparison?"
196,Questions on how one generally feels,"daily mood, mood level, self report, Questions on how one generally feels"
197,Happiness and social rank,"status, position, class, caste, level, upper, lower, aristocracy, social ladder, elite, under class, Happiness and social rank"
198,Earlier personality,"character, complexion, trait, disposition, temperament, nature, Earlier personality"
199,Promotive conditions,"requirements, prerequisites, Promotive conditions"
200,Infants,"baby, Infants"
201,Rise of the western happiness ideas,"history of idea, Rise of the western happiness ideas"
202,Overview of theories,"overview, Overview of theories"
203,Ethical values,"moral, principled, Ethical values"
204,Energy/Activity,", Energy/Activity"
205,Cross national studies on happiness,"cross-cultural, transnational, Cross national studies on happiness"
206,Perceived sources of happiness: Concepts of the good life,"theory, notion, attribution, belief, Perceived sources of happiness: Concepts of the good life"
207,Measurability of happiness,"quantifiable, Measurability of happiness"
208,National setting,"civilization, culture, country, state, National setting"
209,Inequality of happiness,"dispersion, spread, standard deviation, Inequality of happiness"
211,Happiest period in life,"best years, Happiest period in life"
212,Happiness and Life Course,"life choice, life history, development, career, Happiness and Life Course"
214,Rating by others,"external assessment, peer rating, expert rating, staff rating, teacher rating, parent rating, Rating by others"
216,Adjustment scales,"eudaimonic, living well, positive mental health, quality of life, wellbeing, Adjustment scales"
221,Longevity,"survival, long life, mortality, Longevity"
222,Happiness and Earlier Living Conditions,"antecedent, cause precondition, Happiness and Earlier Living Conditions"
223,Urban/rural,"city, town, countryside, suburb, Urban/rural"
224,Review of comparison theories,"explanation, hypothesis, overview, survey, Review of comparison theories"
225,Self-actualization,"development, psychological growth, growth need, virtuous, Self-actualization"
226,Rose colored outlook,"optimism, Rose colored outlook"
228,Theories about effect of social involvement,"social inclusion, social capital, Theories about effect of social involvement"
229,Actual rank,"social prestige, Actual rank"
231,Social status,"class, rank, upper, lower, under class, social ladder, stratification, Social status"
232,Perceived meaningfulness,"purpose in life, Perceived meaningfulness"
234,Satisfaction with intimate relations,"clan, family, friends, kin, primary relations, Satisfaction with intimate relations"
235,Housework,"housewife, home maker, Housework"
236,Factors affecting the overall evaluation,"determinants, Factors affecting the overall evaluation"
238,Meanings of the word happiness,"connotations, semiology, Meanings of the word happiness"
239,Mixed measures of happiness,"composite measures, mixed measures, multiple aspect measures, Mixed measures of happiness"
240,Bibliographies,"literature, list of publications, repository, Bibliographies"
241,Cognitive and affective appraisals,"conjoin, mix, weigh, Cognitive and affective appraisals"
242,Emotionality,"agitable, excitable, moody, calm, easy, stable, Emotionality"
243,Achievement motivation,"accomplishment, protestant ethic, Achievement motivation"
244,Relative impact,"dominance, importance, Relative impact"
246,Ageing,"grow old, mature, Ageing"
248,Household size,"family size, Household size"
251,Rank mobility,"upward, downward, intergenerational, intragenerational, success, failure, Rank mobility"
252,Society in childhood,"nation, country, social order, Society in childhood"
253,Relatives,"family, intimate, clan, Relatives"
254,Determinants of success in meeting standards,"accomplishment, achievement, failure, Determinants of success in meeting standards"
255,Realization of goals,"accomplish, achieve, attain, success, Realization of goals"
256,Development of attitude towards life,"outlook on life, attitude formation, Development of attitude towards life"
258,TV watching,"television, media use, TV watching"
259,General impairment score,"disturbed, sick, General impairment score"
260,Phenomenology of happiness,"lived experience, mental gestalt of happiness, Phenomenology of happiness"
261,Perceived fit theory (Cognitive theory of pleasant affect),"harmony, congruity, conflict, Perceived fit theory (Cognitive theory of pleasant affect)"
262,Health related quality-of-life,"HQOL, patient reported outcomes, PRO, Health related quality-of-life"
263,Birth of children,"delivery, labor, nativity, post natal, post partum, Birth of children"
264,Living alone or not,"single, living arrangement, cohabitation, Living alone or not"
265,Happiness in youth,"childhood, teenage, adolescence, toddler, school age, student time, Happiness in youth"
266,Functions of experiencing (un)happiness in oneself,"advantage, benefit, use, usefulness, utility, Functions of experiencing (un)happiness in oneself"
268,Measures of hedonic level,"affect, affect balance, affective component, emotional, feeling, mood, Measures of hedonic level"
272,Contextual bias,"situational error, Contextual bias"
274,Is pursuit of happiness self-defeating?,"hedonic reversal, Is pursuit of happiness self-defeating?"
275,Interviewer bias,"interrogation effect, Interviewer bias"
276,Materialist values,"money, economic, Materialist values"
279,Remarriage,"second marriage, serial, Remarriage"
280,Self report on direct question,"one item, Self report on direct question"
281,Happiness levels in parts of the world,"continent, Happiness levels in parts of the world"
282,Effects on preferences,"choice, desire, liking, want, Effects on preferences"
283,Sporting,"physical exercise, game, move, train, Sporting"
284,Summed macro societal conditions,"society, culture, Summed macro societal conditions"
285,Political extremism,"radical, fanatic, revolution, Political extremism"
286,Size of the town,"conurbation, urban sprawl, mega city, metropolis, village, population density, Size of the town"
287,Voluntary work,"unpaid work, volunteer, honorary, Voluntary work"
288,Earlier life style,"way of life, daily life, habit, manner of living, Earlier life style"
289,Physician-rated health,"doctor, diagnosis, expert rating, Physician-rated health"
291,Satisfaction with society,"nation, country, social order, Satisfaction with society"
293,Public opinion,"common people, lay,, Public opinion"
295,Projective measures,"TAT, rohrschach, sentence completion, Projective measures"
297,Attribution of causal effects,"ascription, causal inference, theory, Attribution of causal effects"
298,Leadership,"management, follower, director, Leadership"
299,Happiness and Health Behavior,"healthy living, Happiness and Health Behavior"
302,Adding life aspect/domain satisfactions,"bottom-up (vs top-down), Adding life aspect/domain satisfactions"
304,Trend in regional happiness,"area, county, district, territory, Trend in regional happiness"
305,Hospitalization,", Hospitalization"
307,Cultural variations in views on happiness,"cross-cultural, belief, value, Cultural variations in views on happiness"
308,Alienation,"estrangement, disengagement, distancing, Alienation"
310,Own rank adults,"ses, social position, socio economic status, standing, Own rank adults"
311,Remembered happiness in the past,"biography, hindsight, past, narrative, review, recollect, remember, retrospect, Remembered happiness in the past"
315,Effects on cognition,"heuristics, rosy view, thinking, thought, Effects on cognition"
317,Inequality of incomes in nation,"disparity, disproportion, dispersion, inequality, Inequality of incomes in nation"
318,Involvement in war of nation,"armed conflict, peace, war, belligerent, neutral,, Involvement in war of nation"
319,In the present,"current, contemporary, now, In the present"
321,Object of life goals,"career, life plan, Object of life goals"
322,Rank consistence,"status conflict, status congruity, Rank consistence"
323,General health,"disability, disease, ill, sick, thriving, flourish, General health"
324,Mental strength: positive mental health,"adjustment, able, eudaimonic happiness, flourish, healthy, mental capital, psychological capital, thrive, Mental strength: positive mental health"
325,Differences in conditions for happiness,"circumstances, contingences, Differences in conditions for happiness"
326,Size of the nation,"largeness, scope, surface, population, Size of the nation"
327,Culture in the nation,"beliefs, civilization, custom, ideas, values, national character, Culture in the nation"
328,Modernity of the nation,"civilization, social development social progress, Modernity of the nation"
329,Occupational prestige,"career, profession, Occupational prestige"
330,Ethnicity,"race, minority, ethnic group, Ethnicity"
331,Happiness and Household,"home, domestic, Happiness and Household"
332,Effects on oneself,"endogenous, inner, internal, psychological, Effects on oneself"
335,Rating by others,"external assessment, other rating,  peer rating,, Rating by others"
336,Rating by others,"external assessment, expert rating, peer rating, Rating by others"
337,Self-disclosure,"openness, reservation, self-concealment, Self-disclosure"
339,Isn't experiential happiness 'false' happiness?,"false consciousness, Isn't experiential happiness 'false' happiness?"
340,Experimental studies on happiness,"trial, test, Experimental studies on happiness"
341,Economy in the nation,"business, financial, market, production, subsistence, trade, wealth, Economy in the nation"
342,Self-esteem,"self-respect, self-worth, Self-esteem"
343,Adult children,"grown up, Adult children"
345,Optimism/Positivity,"negativism, cynical, rose colored, Optimism/Positivity"
346,In elderly people,"aged, retired, 65+, seniors, pensioners, In elderly people"
347,Is happiness a trait?,"character, personality, set-point, Is happiness a trait?"
349,Effects on society,"collectivity, community, culture, Effects on society"
350,Should happiness be promoted?,"desirable, good, Should happiness be promoted?"
351,Psycho-social development,"mature, grown up, backward, underdeveloped, stagnate, Psycho-social development"
353,Basic school children,"elementary school, primary school, school age, Basic school children"
354,Heuristics,"bias, disposition, outlook, cognitive style, guess, Heuristics"
355,Variable aspects of happiness,"features of happiness, Variable aspects of happiness"
356,Meanings in common language,"etiology, use of word, speech, folk concepts, Meanings in common language"
358,Of social categories,"caste, class, groups, stratum, status, Of social categories"
359,Summed satisfaction with life aspects,"aggregate, composite, index, multiple item, scale, questionnaire, Summed satisfaction with life aspects"
360,Reported ways to pursue happiness,"quest for happiness, seeking happiness, self report, Orientations to Happiness Questionnaire OHQ or OTH, Reported ways to pursue happiness"
364,Work,"employment, occupation, profession, Work"
367,Satisfaction with leisure,"free time, vacation, weekend, Satisfaction with leisure"
368,Attitudes,"view, opinion, Attitudes"
369,Creativity,"originality, imagination, Creativity"
370,Happiness and Leisure,"free time, holiday, vacation, weekend, Happiness and Leisure"
372,Determinants of contentment,"cognitive component, getting what you want, preference, volitional wellbeing, Determinants of contentment"
375,Climate/Season,"atmospheric conditions, cold, dry, hot,  latitude, temperature, rain, weather, wet, Climate/Season"
376,Appearance,"beauty, good looks, homely, ugly, Appearance"
377,Satisfaction with living environment,"community, region, Satisfaction with living environment"
378,Specific mental defects,"mental illness, mental disease, disturbance, Specific mental defects"
382,Having work,"employment, working, Having work"
386,Effects on activity,"doing, participating, Effects on activity"
387,Appraisals of life other than happiness,"evaluation, valuation, Appraisals of life other than happiness"
389,Reliability of happiness measurements,"error, consistence, flaw, reproducible, trustworthy, weakness, Reliability of happiness measurements"
391,Various effects,", Various effects"
394,Uses of happiness concepts,"purpose, role, function, Uses of happiness concepts"
395,Happiness and Earlier Personal Characteristics,"character, nature, traits, Happiness and Earlier Personal Characteristics"
396,Intimate network,"family, friends, relatives, kin, intimate, primary relations, Intimate network"
397,Can happiness be promoted?,"advance, boost, develop, encourage, further,  improve, social engineering, Can happiness be promoted?"
398,Correspondence of happiness ratings,"equivalence, similarity, association, correlation, Correspondence of happiness ratings"
399,Mental health,"adjustment, life ability, negative mental health, mental strengths and weaknesses, Mental health"
400,Happiness and Marriage,"marriage, married, partner, spouse, couple, steady, Happiness and Marriage"
404,Self report on indirect questions,"inferred, index, inventory, scale, Self report on indirect questions"
405,Methods in meta-analysis of happiness research,"research synthesis, summing up, review, Methods in meta-analysis of happiness research"
406,Meta-analysis,"quantitative research synthesis, review, study of studies, Meta-analysis"
407,Individualism values,"collectivist, individual, Individualism values"
408,Overall participation,", Overall participation"
410,Measures of contentment,"cognitive component, perceived realization of wants, volitional wellbeing, Measures of contentment"
411,Social security in nation,"charity, social security, welfare state, Social security in nation"
412,Anhedonia (ICD code R45),"inability to feel pleasure, Anhedonia (ICD code R45)"
415,Happiness and Children,"family, kids, offspring, Happiness and Children"
418,Effects of social support,", Effects of social support"
420,Do people evaluate their life?,"assess, judge, Do people evaluate their life?"
421,Pre-school children,"kindergarten, toddler, nursery, play school, Pre-school children"
422,Attribution of happiness level,"ascription, causal inference, folk theory, perception, Attribution of happiness level"
426,Part time work,"full-time, hour contract, Part time work"
427,Having aspirations,"aim, ambition, Having aspirations"
428,Expected happiness in the future,"future, expectation, predicted, projected, Expected happiness in the future"
432,Abilities,"skill, capability, talent, Abilities"
437,Life-history,"antecedent, biography, career, life course, previous, past,, Life-history"
440,Heritability of happiness,"genetic, inborn, acquired, Heritability of happiness"
443,Focused interview,"discursive interrogation, qualitative, targeted, Focused interview"
444,Complexity,"psychological differentiation, Complexity"
446,Kind of goals,"goal type, goal characteristics, Kind of goals"
447,Multiple direct questions,"index, inventory, scale, test, Multiple direct questions"
449,Stimulants,"alcohol, drugs, substance, tobacco, Stimulants"
451,Summed multiple socio-demographic characteristics,"advantaged, deprivation, disadvantaged, exclusion, marginal, high, low, Summed multiple socio-demographic characteristics"
452,Methodology,"approach, technique, Methodology"
458,Communal households,"commune, collective,, Communal households"
460,Sleep,"rest, Sleep"
466,In the future,"expected, In the future"
468,Level of happiness,"average, degree, mean, Level of happiness"
469,Perceived consequences of happiness,"aftereffect, effect, outcome, sequel, result, Perceived consequences of happiness"
470,Goals,"aim, ambition, aspiration, calling, life goal, passion, life plan, longing, target, want, Goals"
472,Politics in the nation,"government, policy, politics, regime, Politics in the nation"
476,Number of children,"family size, Number of children"
478,Perceived reputation of happiness,"looking glass self, Perceived reputation of happiness"
479,Suicide/self-harm,"death, self destruct, Suicide/self-harm"
484,Views on happiness in public opinion,"attitude, belief, hear-say, idea, stereotype, notion, public opinion, understanding, Views on happiness in public opinion"
491,Functions of overall happiness,"overall happiness, life satisfaction, Functions of overall happiness"
493,Is happiness something good in itself (a virtue)?,"desirable, good, virtue, Is happiness something good in itself (a virtue)?"
494,Moral appreciation of happiness,"enjoyment, pleasure seeking, lust acceptance, frugality, austerity, epicureanism, abstinence, ethical valuation, depreciate, reject, Moral appreciation of happiness"
500,Relational patterns in nation,"family, marriage, relatives, friends, nuclear, extended, Relational patterns in nation"
501,Participation with ..,"interaction, contact, involvement, Participation with .."
502,Genes,"constitutional, hereditary, inborn, innate, Genes"
507,Nation characteristics,"nation, culture, civilization, country, society, Nation characteristics"
508,Functions of pleasantness in affect,"hedonic tone, valance, Functions of pleasantness in affect"
509,Democracy in nation,"dictatorship, egalitarian, liberal, suffrage, vote, oligarchy, theocracy, Democracy in nation"
510,On happiness,", On happiness"
511,Effects of personal resources,"personality, Effects of personal resources"
513,General effectiveness scores,"thriving index, General effectiveness scores"
516,Joint effects,", Joint effects"
517,Specific strong points,"strengths, virtues, Specific strong points"
518,How do comparison levels develop?,"norm setting, How do comparison levels develop?"
519,Enjoyed activities,"time use, Enjoyed activities"
520,Happiness and Time behavior,"activity, occupation, pursuit, Happiness and Time behavior"
521,Which is most decisive?,"importance, predominance, Which is most decisive?"
522,Values in nation,"principles, ethics, morals, standard, Values in nation"
523,Perceived Stability of one's own happiness,"constant, fixed, set point, trait, unstable, changing, Perceived Stability of one's own happiness"
524,Effects on reference,"comparison, contrasting, Effects on reference"
525,Social change in nation,"revolution, shift, transform, Social change in nation"
526,Chronological age,"year of birth, young, old, middle aged, elder, Chronological age"
527,Problems in assessing happiness effects,", Problems in assessing happiness effects"
529,Mental processes,"psychology, inner evaluation, appraisal process, Mental processes"
530,Clarity of goals,"clear, distinct, palpable, Clarity of goals"
532,One parent family,"single mother, broken home, One parent family"
533,Trend in conditions for happiness,"contingence, development, drift, overtime, Trend in conditions for happiness"
534,Political freedom in nation,"civil liberties, rights, Political freedom in nation"
535,Individualism/collectivism in nation,"group oriented, Individualism/collectivism in nation"
536,Depression (ICD code F32-34),"despair, down, flat affect, sad, melancholy, Depression (ICD code F32-34)"
537,Effects on perception/Retrospection,"view, Effects on perception/Retrospection"
538,Perceived realization,"contentment, Perceived realization"
539,Satisfaction with aspects of life,"life aspect, facet, feature, Satisfaction with aspects of life"
540,Perceived comparative happiness,"relative happiness, better, worse, social comparison, Perceived comparative happiness"
542,Correction of bias,"control, rectification, Correction of bias"
548,Involvement,"participation, contribution, passive, engagement, detached, Involvement"
549,Of children,"youth, Of children"
551,Functions of hedonic level,"good spirits, Functions of hedonic level"
552,Satisfaction with income,"earnings, pay, means, salary, wage, poor, rich, advantaged, deprivation, Satisfaction with income"
554,Qualitative studies on happiness,"actor perspective, focused interview, eye of beholder, narrative, story, Qualitative studies on happiness"
566,Do people seek happiness?,"motivation, hedonism, Do people seek happiness?"
571,Conditions for happiness in nations: how universal?,"cross-national, comparative, cross-cultural, cultural difference, Conditions for happiness in nations: how universal?"
574,Comparability of happiness measurements,"difference, equivalence, similarity, Comparability of happiness measurements"
579,Do people have an idea of happiness?,"aware, conscious, evaluation, judge, Do people have an idea of happiness?"
626,Determinants of hedonic level,"affective component, affective wellbeing, mood, Determinants of hedonic level"
654,Multi-moment assessment of happiness,"repeated observation of momentary experience, beeper, electronic, Multi-moment assessment of happiness"
679,Rating by others,"external assessment, peer rating, expert rating, Rating by others"
705,Political conservatism,"progressive, right-wing, left-wing, tory, orthodox, Political conservatism"
710,Semantic differential scales,"life aspects, index, questionnaire, words, Semantic differential scales"
719,Time span of goals,"period, temporal interval, Time span of goals"
769,In the past,"anterior, historical, previous, old days, In the past"
791,Social status in childhood,"class, rank, upper, lower, under class, social ladder, stratification, Social status in childhood"
865,Do people know their true happiness?,"conscious, false happiness, self understanding, introspection, Do people know their true happiness?"
877,Of people in other countries/regions,"abroad, foreigners, neighbor country, Of people in other countries/regions"
901,Perceived change in one's happiness over time,"over time, career, life course, life history, past, Perceived change in one's happiness over time"
928,Hedonic values,"pleasure, Hedonic values"
980,Children with disabilities,"handicap, retarded, special education, Children with disabilities"
1025,Is happiness sufficiently stable?,"constant, shifty, unsteady, variable, Is happiness sufficiently stable?"
1070,Participation of ..,", Participation of .."
1084,Happiness and Life change/event,"shift, passage,  transition, Happiness and Life change/event"
1107,Are people not too different?,"heterogenous, idiosyncratic, particular, unique, Are people not too different?"
1132,Pleasures and pains,"affect balance, loss aversion, Pleasures and pains"
1141,Effect on environment,"environmental, external, exogenous, outer, Effect on environment"
1174,Conditions in adulthood,"grown up, mature, Conditions in adulthood"
1186,DETERMINANTS OF HAPPINESS,"cause, determinant, effect, necessity, precondition, requirement, DETERMINANTS OF HAPPINESS"
1221,Beliefs,"opinion, view, idea, orientation, Beliefs"
1222,Projective indicators,"TAT, rohrschach, sentence completion, Projective indicators"
1263,PURSUIT of HAPPINESS,"hunt, quest, search, seeking, PURSUIT of HAPPINESS"
1290,Religious denomination,"affiliation, church, sect, confession, membership, order, Religious denomination"
1380,Which improvements promise most effect?,"effective, what helps, Which improvements promise most effect?"
1409,Does promotion of happiness come at the cost of other valued matters?,"cost, disadvantage, harm, value, worth, Does promotion of happiness come at the cost of other valued matters?"
1493,Aspects of happiness,"elements of happiness, components, Aspects of happiness"
1529,Theories,", Theories"
1530,Cohabit,"unmarried living together, concubinage, mistress, Cohabit"
1532,Definition of happiness used in this Bibliography and hence in this World Database of Happiness,"conceptualization, denotation, description, Definition of happiness used in this Bibliography and hence in this World Database of Happiness"
1536,Livability of nation,"livable, habitable, suitable, Livability of nation"
1537,Students,"college, university, school, tertiary education, learner, pupil, Students"
1538,Single direct questions,"one item, Single direct questions"
1542,In young adults,"30+, twenties, school leavers, In young adults"
1543,Multi-level studies on happiness,"micro, meso, macro, Multi-level studies on happiness"
1544,Happiness in age groups,"generation, maturation, Happiness in age groups"
1545,Anxiety (ICD code F41),"fear, nervous, tension, worry, Anxiety (ICD code F41)"
1546,Psycho-somatic defects (ICD code F45),"ache, mental complaints, tension, stress, Psycho-somatic defects (ICD code F45)"
1547,Defensiveness,"ego defense, denial, repression, reversal, self serving lie, Defensiveness"
1548,Measurement problems,"measurement, quantification, psychometric, Measurement problems"
1549,Aggregate measures of happiness in collectivities,"cumulative, combined, summed, total, collective, Aggregate measures of happiness in collectivities"
1550,Evidence for need theory,", Evidence for need theory"
1551,Economic freedom in nation,"free trade, liberalism, Economic freedom in nation"
1552,Economic Regime (Capitalism) in nation,"capitalism, socialism, entrepreneur, free enterprise, market economy, state economy, Economic Regime (Capitalism) in nation"
1553,Scenic beauty,"landscape, surroundings, Scenic beauty"
1554,Happy Life Years,"happiness adjusted life years, haly, happy life years, hly,  happy life expectancy, apparent livability, Happy Life Years"
1555,Grand-children,"great grandparent, offspring, progeny, generation, descendant, Grand-children"
1556,Caregivers,"help, Caregivers"
1557,Happiness and Pets,"domestic animal, cat, dog, horse, Happiness and Pets"
1558,Individualism,"individuality, independence, conformism, Individualism"
1559,Openness,"closed, disclosure, Openness"
1560,Consistency,"conflict, harmony, congruity, Consistency"
1561,Art of living,"appreciation, hedonic enhancement, savoring, Art of living"
1562,Reading,"book, newspaper, magazines, Reading"
1563,Happiness and Risk behavior,"risky, dangerous, Happiness and Risk behavior"
1564,Happiness and Activity level,"active, involved, passive, Happiness and Activity level"
1565,Internal consistency of set,"compatibility, congruity, harmony, conflict, Internal consistency of set"
1566,Attitudes to life issues,"life and death, Attitudes to life issues"
1567,Worries,"fear, uncertainties, concern, problem, Worries"
1568,Value environment fit,"consonance, harmony, conflict, estrangement, Value environment fit"
1569,Happiness and Life Review,"biography, evaluate, narrative, survey, recollect, remember, Happiness and Life Review"
1570,Children's concepts of happiness,"notion, belief, perception, understanding, Children's concepts of happiness"
1571,Advice on happiness,"counsel, recommend, self help, popular, Advice on happiness"
1572,Analysis of meanings of the word,"etymology, dictionary, denote, lexicon, word, use of word, vocabulary, word history, Analysis of meanings of the word"
1573,Self-environment fit,"harmony, consistency, congruity, conflict, Self-environment fit"
1574,Models in counseling,"archetype, prototype, type, emblem, advise, recommendation,  self-help, psychobabble, stereotype, Models in counseling"
1575,Do people distinguish between happiness and related matters?,"conceptual differentiation, confusion, mix up, Do people distinguish between happiness and related matters?"
1576,Do people respond to questions about happiness,"don't  know, no answer, non-response, reluctance, reservation DK/NA, Do people respond to questions about happiness"
1577,Conversational bias,"effect of interview, Conversational bias"
1578,Repeated questions,"experience sampling, multiple moment measurement, Repeated questions"
1579,Open questions,"free response, open ended, Open questions"
1580,Memory balance,"reminiscence, retrospection, good and bad, Memory balance"
1581,Self report on direct questions,"interrogation, interview, item, right away, self report, straight, Self report on direct questions"
1582,Self report on indirect questions,"implied, inferred, inventory, scale, test, unobtrusive, Self report on indirect questions"
1583,Self report,"rating of own happiness, Self report"
1584,Social models and pressures,"social influence, Social models and pressures"
1585,Contextual effects,"circumstances, environment, Contextual effects"
1586,Functions of contentment,"goal monitoring, Functions of contentment"
1587,Effects on intimates,", Effects on intimates"
1588,Effects on relations with intimates,"interaction, interpersonal, Effects on relations with intimates"
1589,Can happiness be learned?,"acquire, taught, train, wellbeing literacy, Can happiness be learned?"
1590,Natural environment,"biotope, ecology, nature, physical, Natural environment"
1591,Nature,"countryside, biotope, rural, urban, Nature"
1592,Pollution,"smog, contamination, toxic waste, litter, noise, Pollution"
1593,Physical health in nation,"able-bodied, disabled, fit, unimpaired, ill, sick, Physical health in nation"
1594,Mental health in nation,"sane, insane, disturbed, mad, Mental health in nation"
1595,Suicide rate in nation,"self-murder, Suicide rate in nation"
1596,Rank of family of origin,"family socio-economic status, social background, Rank of family of origin"
1597,Of adults,"grown up, mature, Of adults"
1598,Wellbeing of children,"happiness, health, quality of life, Wellbeing of children"
1599,Frequency of contact with children,", Frequency of contact with children"
1600,Quality of contact with children,"affection, cold, conflict, Quality of contact with children"
1601,Singles,"bachelor, unmarried, never married, spinster, Singles"
1602,Nuclear household,"two person, couple with children, Nuclear household"
1603,Extended family household,"grandparents, three generation household, Extended family household"
1604,Effects of all personal characteristics,", Effects of all personal characteristics"
1605,Identity,"self, Identity"
1606,Fear of failure,"fail anxiety, self assured, confident, Fear of failure"
1607,Actual goal realization,"achievement, success, Actual goal realization"
1608,Goal adjustment,"goal continuity, goal change, Goal adjustment"
1609,Behavioral relevance,"goal involvement, Behavioral relevance"
1610,Flexibility of goals,"rigid, Flexibility of goals"
1611,Diversity of goals,"variety, heterogeneity, homogeneity, Diversity of goals"
1612,Satisfaction with oneself,"self esteem, self acceptance, self confidence, Satisfaction with oneself"
1613,Satisfaction with health,"illness, disease, disturbance, Satisfaction with health"
1615,Five years ago,"recent past, Five years ago"
1616,Society,"nation, country, social order, Society"
1617,Earlier health,"illness, disease, disturbance, Earlier health"
1618,Earlier mental effectiveness,"disturbed, mad, mental ill, sane, Earlier mental effectiveness"
1619,Earlier preferences,"aim, ambition, aspiration, calling, life goal, life plan, longing, want, Earlier preferences"
1620,Earlier values,"belief, opinion, evaluation, ideal, morality standard, conviction, philosophy, Earlier values"
1621,Earlier appreciations,"satisfaction, appraisal, enjoyment, evaluation, discontent, dissatisfaction, unsatisfied, Earlier appreciations"
1622,Perceived livability of nations,"quality of life, beliefs, stereotype, Perceived livability of nations"
1623,"Ideological connotations of the term ""happiness""","notion, emblem, Ideological connotations of the term ""happiness"""
1625,Perceived entitled happiness (How happy one ought to be),"right for happiness, Perceived entitled happiness (How happy one ought to be)"
1628,Happiness in history,"annals, chronology, past, review, Happiness in history"
1629,Focused interview,"discursive interrogation, targeted, Focused interview"
1630,Life chart,"life graph, Life chart"
1631,Homeless,"bum, vagrant, street child, Homeless"
1632,Will brain manipulation yield happiness?,"cerebrum, grey matter, Will brain manipulation yield happiness?"
1633,Personality in nation,"national character, modal personality, Personality in nation"
1634,Authenticity of goals,"extrinsic, intrinsic, false, genuine, true, Authenticity of goals"
1635,Satisfaction with school,"education, learn, teacher, Satisfaction with school"
1636,Emotional intelligence,"EQ, social intelligence, Emotional intelligence"
1637,Happiness level in cities,"town, urban, capital, metropolis, suburb, Happiness level in cities"
1638,Prominence of happiness as a research topic,"attention for, interest in, popularity of, prevalence of happiness, Prominence of happiness as a research topic"
1639,Gardening,", Gardening"
1640,Competitiveness in nation,"achievement motivation, success, fear of failure, Competitiveness in nation"
1641,Happiness and Study,"academy, college, education, school, seminary, training, Happiness and Study"
1642,School type,"educational kind, sort, specialization, School type"
1643,School characteristics,"school organization, school climate, School characteristics"
1644,School success,"school performance, achievement, exam, fail, grades, qualification, School success"
1645,Analysis of (history) of ideas,"doctrine, creed, view, Analysis of (history) of ideas"
1646,Mood awareness,"alexithymia, unaware, repression, Mood awareness"
1649,Average happiness,"distribution, central tendency, mean happiness, greatest number, Average happiness"
1650,Happy Life Years,"happiness adjusted life years, haly, hly, Happy Life Years"
1651,Inequality in happiness,"disparity, dispersion, unequal, standard deviation, spread, Inequality in happiness"
1652,Inequality-adjusted happiness,"iah, combination of average and inequality, Inequality-adjusted happiness"
1653,Combinations with other variables to denote wellbeing,"multiplex index, Combinations with other variables to denote wellbeing"
1655,Stability of happiness,"variability, permanence, Stability of happiness"
1656,Inequality of happiness in nation,"inequality, dispersion, Inequality of happiness in nation"
1657,Differences across nations,"cross-cultural variation, Differences across nations"
1658,Trends  overtime,"development, drift, historic, over-time, Trends  overtime"
1660,Trust in nation,"confidence, faith, Trust in nation"
1661,Dying,"death, decease, mortality, closeness to death, end stage, Dying"
1662,Homeostatic mechanisms,"homeostasis, Homeostatic mechanisms"
1663,Effects on earnings,"income, salary, wages, pay, Effects on earnings"
1664,Neuroticism (ICD code F60),"difficult, nervous, touchy, unstable, Neuroticism (ICD code F60)"
1665,Work values,"work ethic, Work values"
1666,Economic prosperity in vicinity,"affluence, deprivation, poverty, wealth, Economic prosperity in vicinity"
1667,Income difference in vicinity,"inequality, dispersion, Income difference in vicinity"
1668,Meaning in life,"purpose in life, Meaning in life"
1669,Happiness and Consumption,"buy, expend, purchase, use, Happiness and Consumption"
1670,Policy aims,"public choice, planning, program, Policy aims"
1671,Neural mechanisms,"brain, centers, synapses, Neural mechanisms"
1672,Are there temperamental differences in pleasure proneness?,"genetic, inborn, innate, Are there temperamental differences in pleasure proneness?"
1673,Perceptions of success in meeting standards,"accomplishment, achievement, failure, Perceptions of success in meeting standards"
1674,Evidence for comparison theory,"proof, confirmation, Evidence for comparison theory"
1675,Problems in reconstructing the evaluation of life,"black box, Problems in reconstructing the evaluation of life"
1676,Is stability better than instability?,"desirability, value, Is stability better than instability?"
1677,Pleasure as general force in motivation,"joy,, Pleasure as general force in motivation"
1678,Happiness as an individual goal,"private, actor utilitarianism, Happiness as an individual goal"
1679,Happiness as a public goal,"greatest happiness for the greatest number, rule utilitarianism, Happiness as a public goal"
1680,Dysfunction of making up one's mind,"costs of awareness, Dysfunction of making up one's mind"
1681,Dysfunction of judging life positively,"false optimism, Dysfunction of judging life positively"
1682,Are improvements of any consequences?,"benefit, use, Are improvements of any consequences?"
1683,Accuracy of perception,"difference expected experienced utility, hedonic fore casting, misprediction of utility, Accuracy of perception"
1684,Follow-up of individuals,"over time, panel, Follow-up of individuals"
1685,Trend happiness in collectivities,"cohort, time series, Trend happiness in collectivities"
1686,Financial equivalence,"cost, money value, monetary compensation, utility calculation, Financial equivalence"
1687,Earlier intimate environment,"family, relatives, kin, intimate, primary relations, Earlier intimate environment"
1688,Social problems in vicinity,"local burden, issue, problem, stressor, question, Social problems in vicinity"
1690,Kindness,"compassion, sympathy, gentleness, Kindness"
1691,Minor daily event,"hassle, annoy, stress, joy, Minor daily event"
1692,Major life events,"phase, crisis, turning point, cumulative risk, Major life events"
1693,Deviant behavior,"abnormal, unusual, nonstandard, Deviant behavior"
1694,Safety in the nation,"security, protection, Safety in the nation"
1695,Pessimism in nation,"cynic, doom, negativity, optimism, Pessimism in nation"
1696,Valuation of pleasure in nation. Moral hedonism,"enjoyment, pleasure seeking, lust acceptance, frugality, austerity, epicureanism, abstinence, Valuation of pleasure in nation. Moral hedonism"
1698,Inequality in social prestige in nation,"social stratification, social distance, social ladder, have have-not, ingroup outgroup, Inequality in social prestige in nation"
1699,Living in Jail,"incarnated, prison, penitentiary, locked up, Living in Jail"
1700,Commuting,"home-work travel, daily travel, suburbanite, Commuting"
1701,Wisdom,"knowledge, insight, Wisdom"
1702,Scalability,", Scalability"
1703,Single questions,"one item, Single questions"
1704,Weight,"underweight, obese, overweight, bmi, Weight"
1705,In middle aged people,"mid life, 40+, 50+, In middle aged people"
1706,Life regrets,"grieve, discontent, Life regrets"
1707,Homeless,"roofless, bum, waif, street child, Homeless"
1708,Experience sampling (ESM),"beeper, momentary mood, Experience sampling (ESM)"
1709,Day reconstruction moment (DRM),"diary, yesterday mood, Day reconstruction moment (DRM)"
1710,Change in happiness over time,"development, drift, era, longitudinal, period, stage, trend, Change in happiness over time"
1711,Self employed,"freelance, portfolio work, Self employed"
1713,Happiness and use of mental training/therapy,"happiness seekers, yoga, meditation, Happiness and use of mental training/therapy"
1714,Observed effects on happiness of interventions at individual level,"course, learn, teach, therapy, training, treatment, Observed effects on happiness of interventions at individual level"
1715,Happiness trainings,"course, counsel, positive psychology, Happiness trainings"
1716,Activation programs,", Activation programs"
1717,Spiritual encounter,"divine, metaphysical, sacred, Spiritual encounter"
1718,"Lifestyle advise, life coaching","way of life, daily life, habit, manner of living, Lifestyle advise, life coaching"
1719,Artistic activities,"drawing, creativity,, Artistic activities"
1720,Home care,"nursing home, Home care"
1721,Ability to work,"disabled, handicapped, unfit for work, student, Ability to work"
1722,Unemployment rate in nation,"idle, jobless, employed, occupied, Unemployment rate in nation"
1723,Blood pressure,"hypertension, Blood pressure"
1724,Cultural diversity in nation,"culture conflict, disagreement, monoculture, multicultural, variety, uniformity, Cultural diversity in nation"
1725,Happiness of ethnic groups in nations,"allochthone, autochthone, minority, race, culture, language, migrants, Happiness of ethnic groups in nations"
1726,Dysfunction of happiness,"disadvantage, harm, hinder, Dysfunction of happiness"
1727,Religiousness in nation,"church, faith, mosque, religion, spirituality, Religiousness in nation"
1728,Position of the nation,"world system, central peripheral, developed, power, ranking, reputation, Position of the nation"
1729,Comparative quality-of-life in nation,"quality of life, welfare, Comparative quality-of-life in nation"
1730,Risk orientation,"anxious, daring, guts, Risk orientation"
1731,Gratitude,"thankfulness, appreciation, Gratitude"
1732,Prediction of one's own happiness,"expectation, optimism, pessimism, Prediction of one's own happiness"
1733,Young singles,"bachelor, never married, spinster, Young singles"
1735,Homogeneity in nation,"similar, uniform, heterogenous, homogeneous, Homogeneity in nation"
1737,Command of language,"foreign tongue, bilingual, multilingual, native speaker, Command of language"
1738,Forgiveness,"clemency, pardon, Forgiveness"
1739,Perceived importance of own happiness,"value, valuation, trivial unimportant, Perceived importance of own happiness"
1740,Trade unions in nation,"labor union, syndicate, Trade unions in nation"
1741,Handicapped,"disabled, Handicapped"
1743,Prominence in public discourse,"public interest, Prominence in public discourse"
1744,Time frame of questions,"temporal reference, Time frame of questions"
1745,Attitudes to happiness,"public opinion, value, Attitudes to happiness"
1746,Lottery winning,"gambling, luck, Lottery winning"
1747,Savings/insurances,"assurance, saving, Savings/insurances"
1748,Trend happiness in cities,"town, urban, capital, metropolis, municipality, Trend happiness in cities"
1749,Education in nation,"school, teaching, learning,, Education in nation"
1750,"Past, present and future","combine, Past, present and future"
1751,Size of environmental effect,"effect size, external influence, Size of environmental effect"
1752,Taxation in nation,"duty, fiscal,tax-regime, toll, Taxation in nation"
1753,Inflation in nation,"money safety, price rise, deflation, Inflation in nation"
1754,Unrest in nation,"conflict, instability, civil war, disintegration, protest, revolt, riots, Unrest in nation"
1755,Adolescents,"youth, teenagers, secondary school, Adolescents"
1756,Multiple questions involving invalid ones,"inventory, scale, test,, Multiple questions involving invalid ones"
1757,Sustainability,"long-term, exhaustion of natural resources, Sustainability"
1758,Can one be too happy?,"optimal mood, Can one be too happy?"
1759,Certainty of happiness,"sure, unambiguous, Certainty of happiness"
1760,Problems,"worry, anxiety, concern, Problems"
1761,Effects on fertility,"infertility, Effects on fertility"
1762,Size of government in nation,"administration, big government,, Size of government in nation"
1763,Quality of government in nation,"good governance,, Quality of government in nation"
1764,Internet,"computer, Facebook, pc, social media, web surfing, Internet"
1766,Peak/end effects,"contrast, Peak/end effects"
1769,Effects on social participation,"social contact, isolation, Effects on social participation"
1770,Hope,"doubt, optimist, Hope"
1771,Death,"dying, will to live, Death"
1772,Androgynous,"unisexual, bisexual, cross-sexual, Androgynous"
1773,Androgens,", Androgens"
1775,School grade,"class, level, stage,, School grade"
1776,Satisfaction with consumption,"consume, use, buy, Satisfaction with consumption"
1777,Human/animal similarities,"apes, evolution, genetic distance, primates, Human/animal similarities"
1778,Birth pattern in nation,"birth-rate, fertility, infertility, Birth pattern in nation"
1779,Menopause,"climacteric, Menopause"
1780,Foster-children,"adopt, care for, Foster-children"
1781,Housing,"accommodation, apartment, dwelling, flat, home, house, room, Housing"
1782,Satisfaction with care,"help, support, Satisfaction with care"
1783,Retirement age in nation,"pension, Retirement age in nation"
1784,Job protection in nation,"flex work, tenure,, Job protection in nation"
1786,Data sets,"primary data, data archive, secondary analysis, Data sets"
1787,Questions and approaches,"perspectives, issues, Questions and approaches"
1788,Problems in the study of happiness,"complications, doubts, Problems in the study of happiness"
1789,Research organizations involved with happiness,"research associations, institutes, Research organizations involved with happiness"
1790,Symbolic use,"emblematic, rhetoric, Symbolic use"
1791,Normative use,"ideal, ideological,  moral, utopian, Normative use"
1792,Analytic use,"scientific, Analytic use"
1793,Private freedom in nation,"civil liberty, personal freedom, Private freedom in nation"
1794,Content of questions,"subject, wording, lead question, Content of questions"
1795,Self report on indirect questions,"inferred, contracted, not straightforward, Self report on indirect questions"
1796,Further calculative strategies of the mind,"heuristics, Further calculative strategies of the mind"
1797,Defensive bias,"ego defense, Defensive bias"
1798,Functions of affective experience,"emotion, Functions of affective experience"
1799,Functions of awareness of overall hedonic level,"self knowledge, introspection, Functions of awareness of overall hedonic level"
1800,Optimal ratio of positive and negative affect,"affect balance, sum, Optimal ratio of positive and negative affect"
1802,Alienation in nation,"isolation, distancing, estrangement, Alienation in nation"
1803,Success in war of nation,"rimed conflict, peace, war, victory, defeat, Success in war of nation"
1804,Tightness in nation,"rigid, strict, Tightness in nation"
1805,Households in nation,"domestic, family, home, living together, Households in nation"
1806,Public life in nation,"civic, civil, not private, open, Public life in nation"
1807,Divorce rate in nation,"separation, marriage, Divorce rate in nation"
1808,Inner conditions,"internal, psychological, Inner conditions"
1809,Theories about happiness and intimate ties,", Theories about happiness and intimate ties"
1810,Joint effects,"social inclusion, exclusion, social capital, marginal, Joint effects"
1811,Non-family household,"asylum, barracks, boarding school, camp, care home, commune,  convent, orphanage, prison, Non-family household"
1812,Cognitive style,"manner of thinking, intuitive, calculative, divergent, convergent, Cognitive style"
1815,Conventionality  of aims,"originality, Conventionality  of aims"
1816,Selectivity in non-response to questions about happiness,"don't know, no answer, DK/NA, Selectivity in non-response to questions about happiness"
1817,Schizophrenia (ICD code F20),"confusion, hallucination, Schizophrenia (ICD code F20)"
1818,Appropriateness,"apt, correct, proper, right, wrong, functional, Appropriateness"
1819,Certainty,"ambiguity, doubt, equivocal, Certainty"
1820,Stability,"constancy, permanence, Stability"
1822,Kinds of effect,"determinant, influence, outcomes, result, Kinds of effect"
1823,Cohesion in nation,"cooperation, social capital, social stability, anarchy, disintegration, Cohesion in nation"
1824,Minority problems in nation,"ethnicity, migrants, race, Minority problems in nation"
1825,In publics in nations,"social category, group,, In publics in nations"
1826,Happiness of children in nations,"youth, kids, teenager, baby, toddler, infant, Happiness of children in nations"
1827,Happiness of adolescents in nations,"teenager, youth, puberty, student, pupil, Happiness of adolescents in nations"
1828,Happiness of elderly in nations,"aged, elders, old, pensioners, Happiness of elderly in nations"
1830,History of philosophical thought,"annals, chronology, review, History of philosophical thought"
1831,Classics,"ancient times, antiquity, Greek, roman, Classics"
1832,Contemporary,"modern, present day, current, Contemporary"
1833,Concepts of happiness,"idea, conception, construct, notion, theory, analysis, Concepts of happiness"
1834,Objective vs. Subjective concepts,"external observed, internal experienced, inner experience, Objective vs. Subjective concepts"
1835,Mixed concepts: enjoying life while …,"hedonic plus, Mixed concepts: enjoying life while …"
1836,Being well-informed,"misinformed, prudential, rational, Being well-informed"
1837,Being morally sound,"ethical valuable, good, virtuous, Being morally sound"
1838,Living up to common standards,"conform, success in life, follow norm, Living up to common standards"
1839,"Thriving, actualizing","self-actualization, growth, prosper, Thriving, actualizing"
1841,Happiness as affective experience,"emotion, feeling, hedonic experience, mood, pleasure, Happiness as affective experience"
1842,Happiness as a cognitive appraisal,"compare, evaluate, reference, standard, Happiness as a cognitive appraisal"
1843,Happiness as an attitude,"disposition, trait, Happiness as an attitude"
1844,Short-term vs long-term happiness,"constant, fixed, set point, trait, unstable, changing, short lived, Short-term vs long-term happiness"
1845,Self-judgment of happiness,"assess , appraisal, evaluation, observation, Self-judgment of happiness"
1846,How do people make judgment?,"asses, evaluate, How do people make judgment?"
1847,How rational?,", How rational?"
1848,Conditions for happiness,"cause, determinant, necessity, precondition, requirement, Conditions for happiness"
1849,Value of happiness,"cost, desirability, merit, profit, utility, virtue, Value of happiness"
1850,Are there 'higher' and 'lower' kinds of happiness?,"quality, virtue, worth, Are there 'higher' and 'lower' kinds of happiness?"
1851,Utility of happiness,"morality of happiness, Utility of happiness"
1852,As a guide in private choice,"individual, personal, actor utilitarianism, As a guide in private choice"
1853,As a guide in public choice,"general interest, politic, rule utilitarianism, As a guide in public choice"
1854,Paradoxes of happiness,"contradiction, puzzle, Paradoxes of happiness"
1855,Control over one's happiness,"autonomy, Control over one's happiness"
1856,Vacationing,"vacation, holiday, trip, Vacationing"
1857,Development of happiness research,"evolution, growth, Development of happiness research"
1858,Comparison over time,"longitudinal, over time, Comparison over time"
1859,Centralization in nation,"decentralization, unification, segregation, Centralization in nation"
1860,"When hedonic level most decisive, when contentment?",", When hedonic level most decisive, when contentment?"
1861,Time spent in unpleasant activities in nation,"enjoyment, time happy, u-index, Time spent in unpleasant activities in nation"
1863,Is lasting happiness possible?,"feasible, attainable, utopic, practicable, enduring, lifelong, long-term, fleeting, short-lived, transient, Is lasting happiness possible?"
1864,How much happiness is optimal?,"too happy, sum, very happy, How much happiness is optimal?"
1865,Empirical support for ideas,"empirical data, empirical evidence, test, Empirical support for ideas"
1866,Epicureanism,"Epicure, Epicureanism"
1867,Regional setting,"area, county, department, province, state, Regional setting"
1868,Work hours in nation,"work day, work week, Work hours in nation"
1869,Allocation efficiency; difference in happiness of people with random preference pattern,"harmony, consistency, congruity, conflict, Allocation efficiency; difference in happiness of people with random preference pattern"
1870,Brain,"mind, Brain"
1871,Envious,"jealous, resentment, social comparison, Envious"
1872,Outer conditions,"environmental, external, Outer conditions"
1873,Inequality between sexes (women emancipation) in nation,"gender equality, women rights, liberation, discrimination, Inequality between sexes (women emancipation) in nation"
1874,Giving,"altruism, Giving"
1875,Is happiness the final end?,"mono-ethical, highest good, ultimate value, Is happiness the final end?"
1876,Affect-contentment configuration,"combination, structure, Affect-contentment configuration"
1877,Effects on political behavior,"civic, Effects on political behavior"
1878,Perceived sources of happiness,"attribution, ascription, belief, cause, condition, determinant, hedonic forecast, Orientations to Happiness Questionnaire OTH or OHQ, Perceived sources of happiness"
1879,Self-help,"advisory books, bibliotherapy, happiness apps, Self-help"
1880,Happiness and Love Life,"affair, affection, conjugal, concubine, mistress,  romantic, sexuality, Happiness and Love Life"
1882,Time unhappy,"u-index, Time unhappy"
1883,Comparison,"contrasting, Comparison"
1884,Happiness lessons in school,"curriculum, course, class, teaching, tutoring, Happiness lessons in school"
1885,Migration to other country,"emigration, immigration, migrant, expatriate, Migration to other country"
1886,Living apart together (LAT),"bi-local household, Living apart together (LAT)"
1887,Sporting in nation,"athletic, game, excursive, Sporting in nation"
1888,Work attitudes,"work ethic, job satisfaction, Work attitudes"
1889,Work/family conflict,"work-life balance, work-family interaction, professional-private interference, Work/family conflict"
1890,Recommended ways of life (individual level),"life choice, Recommended ways of life (individual level)"
1891,Trend average happiness in publics,"group, social category, Trend average happiness in publics"
1892,Music listening,", Music listening"
1894,Time happy/unhappy,"ups downs, mood, Time happy/unhappy"
1895,Extra-ordinary states of consciousness,"peak experience, bliss, ectasis, mystic, Extra-ordinary states of consciousness"
1897,Civic organization in nation,"civil, communal, voluntary organization, Civic organization in nation"
1899,Height,"length, Height"
1904,Consumption in nation,"buy, spend, use, Consumption in nation"
1905,Anthropometric indicators of human thriving in nation,"height, length, body size, Anthropometric indicators of human thriving in nation"
1907,MEASUREMENT of HAPPINESS,"assessment, indicator, quantification, rating, MEASUREMENT of HAPPINESS"
1908,Views,"aspiration, choice, convictions, desire, goal, liking, value, want, Views"
1910,People investigated: some populations,"social categories, groups, population, public, People investigated: some populations"
1911,Happiness in twins,"monozygotic, dizygotic, Happiness in twins"
1912,Birth control  in nation,"family planning, contraception, abortion, sterilization, Birth control  in nation"
1913,Young-old difference in happiness,"generation gap, Young-old difference in happiness"
1914,Trust in people,", Trust in people"
1915,Happiness and Life-Style-Type,"life style, lifestyle, way of life, Happiness and Life-Style-Type"
1916,Food,"eating, nutrition, food, Food"
1917,Hedonic tone in public communications,"big  data, valance of words, Hedonic tone in public communications"
1918,Trend hedonic tone in public communications,", Trend hedonic tone in public communications"
1919,Mindfulness,"awareness, perceptiveness, Mindfulness"
1920,Trend happiness in males and females,", Trend happiness in males and females"
1921,Trend happiness in age groups,"cohort, generation, working age, retired, adolescents, children, youth, middle aged, elderly, old, Trend happiness in age groups"
1923,Built environment,"city, buildings, streets, town, urban, Built environment"
1925,Urbanity,"population density, suburban, metropolis, Urbanity"
1929,Law in the nation,"justice, Law in the nation"
1936,Inequality in the nation,"discrimination, inequity, Inequality in the nation"
1937,Freedom in the nation,"opportunity to choose, Freedom in the nation"
1939,Attitudes in nation,"belief, opinion, stance, Attitudes in nation"
1940,Government in nation,", Government in nation"
1941,Knowledge in nation,"intelligence, schooling, wisdom, Knowledge in nation"
1942,Public goods in the nation,"amenities, collective care, communal, free facilities, third sector, government services, welfare, Public goods in the nation"
1943,Working conditions in nation,"work environment, Working conditions in nation"
1944,Life-style in the nation,"way of life, habitus, Life-style in the nation"
1946,Personality development,", Personality development"
1947,Personality organization,", Personality organization"
1948,Personality traits,"character, disposition, Personality traits"
1950,Motivation,"drive, need, goal, want, Motivation"
1952,Anxiety,"fear, unease, Anxiety"
1953,Sociability,", Sociability"
1954,Happiness level in places,"area, region, territory, Happiness level in places"
1955,Awareness,"conscious, sentient, self awareness, Awareness"
1956,Loneliness,"isolated, lone, solitary, disconnected, Loneliness"
1957,Ability to function in daily life,"ADL, frail, self-reliant, Ability to function in daily life"
1958,Disaster,"catastrophe, Disaster"
1959,Trend happiness among unemployed,"idle, jobless, Trend happiness among unemployed"
1960,Trend happiness in ethnic groups,"allochthone, autochthone, migrant, minority, race, Trend happiness in ethnic groups"
1962,Conflict in nation,"clash, disagreement, discord, opposition, tension, ingroup outgroup, Conflict in nation"
1963,Corruption in nation,"favoritism, nepotism, white collar crime, shadow economy, Corruption in nation"
1964,Belief in Just World,"optimism, weltanschauung, Belief in Just World"
1965,Social mobility in nation,"status change, intergenerational, intragenerational, Social mobility in nation"
1966,Comparability across measures,"equivalence, Comparability across measures"
1967,Working hours,"work load, working time, over time, Working hours"
1968,Mood control,"stable, impulsive, emotional, restrained, Mood control"
1969,Unemployed,", Unemployed"
1971,Party preference,", Party preference"
1972,Is happiness feasible?,"possible, practicable, progress, realistic, Is happiness feasible?"
1973,Can we be happy most of our life?,", Can we be happy most of our life?"
1974,Can we get happier than we are?,"progress, Can we get happier than we are?"
1975,Difference with wider notions of wellbeing,"divergence, hedonic vs eudaimonic, qualities of life, notions of the good life, Difference with wider notions of wellbeing"
1976,Satisfaction with spiritual life,"divine, metaphysical, religion, sacred, Satisfaction with spiritual life"
1977,Specific concepts of happiness,"components, variants, Specific concepts of happiness"
1978,Is happiness mere contentment?,"constructed, illusion, thought, Is happiness mere contentment?"
1979,Activity,", Activity"
1980,Flow Experience,"optimal experience, Flow Experience"
1983,Family situation of children,"home environment, Family situation of children"
1985,Superficial,"shallow, serious, happy hans, Superficial"
1986,Health care in vicinity,"local medical, curation, prevention, Health care in vicinity"
1987,Difference in determinants of affective and cognitive components of happiness,"need-want difference, Difference in determinants of affective and cognitive components of happiness"
1988,Divergence in components of happiness,"affective-cognitive, need-want discrepancy, Divergence in components of happiness"
1989,Attendance of cultural events,"concert, exhibition, festival, theatre, Attendance of cultural events"
1990,Indicators of public mood  in ' Big Data',"opinion climate, sentiment, spirit of the age, zeitgeist,, Indicators of public mood  in ' Big Data'"
1991,Do people judge their life at all?,", Do people judge their life at all?"
1992,Adaptation,", Adaptation"
1993,Charity in nation,"altruism, donation, generosity, giving, philanthropy, Charity in nation"
1994,Optimal degree of conditions,"curve, marginal effect, satiation, Optimal degree of conditions"
1995,Unemployment in vicinity,"local idle, jobless, welfare, Unemployment in vicinity"
1996,Technical tools,"machines, inventions, Technical tools"
1997,Reciprocity,"mutuality, trade-off, Reciprocity"
1998,Political participation,"civic involvement, Political participation"
2000,Moving experiences,"top experience, mystic, life event, Moving experiences"
2001,Models in proverbs,"adage, saying, common wisdom, Models in proverbs"
2002,Possessions,"goods, assets, capital, Possessions"
2003,Social progress in nation,"development, modernization, regression, Social progress in nation"
2006,Accident,"mishap, bad luck, Accident"
2007,Effect of weather during interview,"cloud, sunshine, rain, temperature, Effect of weather during interview"
2010,Techniques for improving comparability,"standardization, homogenization, scale interval method, reference distribution method, thurstone method, linear stretch, Techniques for improving comparability"
2011,Flex-work,"non-standard, temporary, zero hour contract, Flex-work"
2012,Life review therapy,", Life review therapy"
2015,Move (change house within country),"mobility, residential relocation, internal migration, Move (change house within country)"
2016,War,"conflict, violence, uprising, War"
2017,Pregnancy,"prenatal, Pregnancy"
2018,Priority for the least happy?,"negative utilitarianism, Priority for the least happy?"
2020,IQ in nation,"intelligence quotient, test, wisdom, IQ in nation"
2021,How universal is happiness?,"cultural difference, culturally relative, How universal is happiness?"
2022,Valuation of materialism in nation,"acquisitiveness, golden calf, greed, Valuation of materialism in nation"
2023,Balance across domains,", Balance across domains"
2024,Hedonic capacity,"savoring, art of living, openness for enjoyment, anhedonia, Hedonic capacity"
2025,Eating disorder (ICD code F50),"anorexia, bulimia, pica, Eating disorder (ICD code F50)"
2027,Public mood in nation,"zeitgeist, Public mood in nation"
2028,Festivities,"ritual, feast, games, Festivities"
2029,Sensation seeking,"thrill, Sensation seeking"
2030,Cultural difference in effects of happiness,", Cultural difference in effects of happiness"
2032,Models in advertisement,"publicity, Models in advertisement"
2034,Morality,"ethical, honest, just, principled, value driven, Morality"
2035,Enjoyment,"pleasure, Enjoyment"
2036,STUDY of HAPPINESS,"research field, strand, topic, fecitology, STUDY of HAPPINESS"
2037,Response behavior,"drop-out, refusal, no answer, Response behavior"
2038,Support groups,"peer support, Support groups"
2039,Dementia (ICD code F01-02),"senile, alzheimer disease, Dementia (ICD code F01-02)"
2040,Attitudes to inequality,"fairness, egalitarianism, Attitudes to inequality"
2041,Victim of crime,"victimized, Victim of crime"
2042,Menstruation,"period, Menstruation"
2043,Apparent efficiency in using resources,"effectiveness, Apparent efficiency in using resources"
2044,Environmental efficiency of wellbeing,"costs of happiness, Environmental efficiency of wellbeing"
2045,Trend in marital categories,"married, separated, single, divorced, widow, never married, Trend in marital categories"
2046,Maximizing,"achievement motivation, Maximizing"
2047,Imputation of missing cases,"representativeness, Imputation of missing cases"
2048,Nationalism,"ethnocentrism, Nationalism"
2049,Trend in socio-economic strata,"cast, class, rank, status, Trend in socio-economic strata"
2050,Work performance,"productivity, Work performance"
2051,Nature in nation,"biological capital, environment, Nature in nation"
2052,Housing,"dwelling, home, owner, Housing"
2053,Pleasure seeking,"hedonism, Pleasure seeking"
2054,E/immigration  in/out nation,"migration, move, refugee, E/immigration  in/out nation"
2055,Effects of follow-up interviews,"panel conditioning, Effects of follow-up interviews"
2056,Interest in happiness,"attention for, current, prevalent, Interest in happiness"
2057,Use of the word happiness,", Use of the word happiness"
2058,Web search on happiness,"e-happiness, Web search on happiness"
2059,Preference for happiness,"hedonism, Preference for happiness"
2060,Life expectancy  in nation,"longevity, Life expectancy  in nation"
2061,Trend inequality in happiness,"dispersion, standard deviation, Trend inequality in happiness"
2062,Day of the week,"weekend effect, midweek effect, monday effect, friday effect TGIF, Day of the week"
2063,Involvement in global society of nation,"Open, closed, central, peripheral, globalization, world system, Involvement in global society of nation"
2064,Income difference in region,"dispersion, inequality, Income difference in region"
2065,Economic prosperity in region,"affluence, wealth, economic development, Economic prosperity in region"
2066,Unemployment rate in region,"employment, Unemployment rate in region"
2067,Genuine,"honest, sincere, true, Genuine"
2068,Age of children,"family phase, stage, family life cycle, Age of children"
2069,Single parent,"one parent family, Single parent"
2070,Holiday travel,"mobility, move, tourism, Holiday travel"
2072,Car,"automobile, Car"
2073,Trend inequality of happiness within nations,", Trend inequality of happiness within nations"
2074,Trend inequality of happiness in publics,", Trend inequality of happiness in publics"
2075,Humorous,"joking, sarcastic, Humorous"
2076,Sustainability of the economic system in nation,"green economy, Sustainability of the economic system in nation"
2077,Attitude to one's own happiness,"acceptance of happiness, Attitude to one's own happiness"
2078,Distance to local facilities,"isolated, remote,, Distance to local facilities"
2079,Victim of bullying,"social rejection, mobbing, Victim of bullying"
2080,Meaning in nation,"goal, purpose, Meaning in nation"
2081,Nostalgia,"nostalgic, Nostalgia"
2082,Entrepreneurial climate in nation,"competitiveness, Entrepreneurial climate in nation"
2083,Crime rate in region,"corruption,  murder, theft, Crime rate in region"
2084,Price level in region,"cost of living, Price level in region"
2085,Effects on health behavior,"salutogenic, preventive, Effects on health behavior"
2086,Attitude to modernity,"progressive, Attitude to modernity"
2087,Mental health care in nation,"therapy, prevention, treatment, Mental health care in nation"
2088,"Shape of happiness itself, difference on happy/unhappy people","configuration, pattern, Shape of happiness itself, difference on happy/unhappy people"
2089,Use of strengths,"VIA, Use of strengths"
2090,Living up to one's values,"value consistency, consonance, Living up to one's values"
2091,Work involvement,"engagement, commitment, passion, enthusiasm, flow, burn-out, Work involvement"
2092,Lived in an institution,"foster home, boarding school, orphanage, Lived in an institution"
2093,Regional difference in correlates of happiness,"conditions for happiness, contingences, Regional difference in correlates of happiness"
2094,Compactness,"density, crowding, sprawl, people per square kilometer, Compactness"
2095,Time pressure,"hurry, pace of life, Time pressure"
2096,Attitude to nature,"green attitude, environmentally conscious, Attitude to nature"
2097,Assets,"having, holding, possessions, property, gross wealth, Assets"
2098,Economic growth/decline in vicinity,"prosperity, development, decline, recession, business cycle, Economic growth/decline in vicinity"
2099,Happiness of working aged people in nations,"workforce, Happiness of working aged people in nations"
2100,Democracy in region,"referendum, Democracy in region"
2101,Anonymity,"presence of others, privacy, social desirability, Anonymity"
2102,School drop-out,"failure, School drop-out"
2103,Loss of an intimate,"bereavement, death, Loss of an intimate"
2104,Ruling ideology/party in nation,"conservative, liberal, socialist, regime,, Ruling ideology/party in nation"
2105,Moderators,"contingencies, difference in correlation across publics and situations, Moderators"
2106,Attitude to political issues,"political attitude, Attitude to political issues"
2107,Retrospective bias,"false memory, memory distortion, recollection, Retrospective bias"
2108,Polygamy,"multiple wives, men, bigamy, Polygamy"
2109,Segregation in vicinity,"discrimination, apartheid, exclusion, ghetto, Segregation in vicinity"
2110,Recommended policies,"advise, Recommended policies"
2111,Observed effects on happiness of policy on ….,"policy outcomes, policy effectiveness, hedonic revenue, Observed effects on happiness of policy on …."
2112,Social ties in vicinity,"social capital, local social cohesion, Social ties in vicinity"
2113,Employability,"(un)fit for work, job chance, Employability"
2114,Effect on self-focus,"introvert, self absorbed, self concerned, Effect on self-focus"
2115,Mood variability,"moodiness, stability, Mood variability"
2116,Workfare,"work therapy, Workfare"
2117,Self-employment in nation,"independent, one person company, Self-employment in nation"
2118,Effects on risk behavior,"dangerous, risky, Effects on risk behavior"
2119,Students,"pupil, in education, Students"
2120,Realism of goals,"feasibility, possibility, Realism of goals"
2121,Common events in nation,"festivities, festivals, happenings, collective experience, ritual, Common events in nation"
2122,Effects on satisfactions,"top-down effect, Effects on satisfactions"
2123,Accuracy of perception of effect on happiness,"hedonic forecast, realism, misprediction of utility, Accuracy of perception of effect on happiness"
2124,QOL in neighboring countries,"spill over, contagion, QOL in neighboring countries"
2125,Selectivity in panel drop-out,"quitting respondents, Selectivity in panel drop-out"
2126,Income in neighborhood,"reference income, Income in neighborhood"
2127,Perceived relative happiness,"comparative, happiness gap, Perceived relative happiness"
2128,Perceptiveness for happiness,"recognition of happiness in others, Perceptiveness for happiness"
2129,Engagement in new leisure activities,"leisure innovation, life style change, Engagement in new leisure activities"
2130,Effects on life change,"innovation, Effects on life change"
2131,Absence from work,"absenteeism, sick leave, Absence from work"
2132,Turnover,"job change, quit job, job mobility, Turnover"
2133,Child-care in nation,"kindergarten, nursery, Child-care in nation"
2134,Valuation of work in nation,"protestant ethic, work value, Valuation of work in nation"
2135,Job security,"tenure, Job security"
2136,Change consumer confidence in nation,"economic outlook, Change consumer confidence in nation"
2137,Approach/avoidance,"positive or negative goals, Approach/avoidance"
2138,Perceived ideal happiness for oneself: most desirable degree,"desired degree of happiness, Perceived ideal happiness for oneself: most desirable degree"
2139,Difference between ideal and real happiness,"happiness deficit, deprivation, Difference between ideal and real happiness"
2140,Perceived improvement of one's life,"better or worse, Perceived improvement of one's life"
2141,Sense of coherence,"comprehensibility, manageability, and meaningfulness, Sense of coherence"
2142,Government in region,"government consumption, Government in region"
2143,Openness of economy in vicinity,"accessible, connected, globalized, isolated, Openness of economy in vicinity"
2144,Ideological consumption,"value driven consumption, Ideological consumption"
2145,Green consumption,"sustainable consumption, environmental friendly, Green consumption"
2146,Summed domain satisfactions,"life aspect satisfactions, Summed domain satisfactions"
2147,Weighted vs unweighted sum-scores,"importance, relevance, Weighted vs unweighted sum-scores"
2148,Contested consumption,"debated, rejected, disapproved spending, Contested consumption"
2149,"Reviews of measures used in particular populations  (place, time, people)","state of the art, literature, Reviews of measures used in particular populations  (place, time, people)"
2150,Family values in nation,"family ideal, Family values in nation"
2151,Family values,", Family values"
2152,Water supply in vicinity,"local potable, tap water, Water supply in vicinity"
2153,Reputation of country of origin,"image, Reputation of country of origin"
2156,Debts,"loan, mortgage, ow, Debts"
2157,Attitudes to political issues,"political opinion, apolitical, Attitudes to political issues"
2158,Political use,"guide, compass, policy, rhetoric, Political use"
2160,Gambling,"betting, casino, gaming, lottery, Gambling"
2162,Ecological behavior,", Ecological behavior"
2163,Perceived discrimination,"prejudice, stereotype, social exclusion, Perceived discrimination"
2164,Genetic correlates,"gene, allele, polymorphism, Genetic correlates"
2165,Self-efficacy,"adequacy, locomotion, pragmatic, self confidence, Self-efficacy"
2166,Earlier intelligence,"child Iq, Earlier intelligence"
2167,Suburban,"residential, uptown, sleep town, outer, out-of-town, Suburban"
2168,Contact of adult children with parents,"inter generational contact, family relations, Contact of adult children with parents"
2169,Attitudes to work,"job satisfaction, work ethic, Attitudes to work"
2170,Valuation of competitiveness in nation,"achievement motivation, need to excel, win, Valuation of competitiveness in nation"
2171,Forgetful,"memory, Forgetful"
2172,Attitude to local environment,"sense of community, Attitude to local environment"
2174,Effects on trust in people,", Effects on trust in people"
2175,Difference expected and remembered happiness,", Difference expected and remembered happiness"
2176,Difference in conditions for happiness,"contextual, contingency, moderator, Difference in conditions for happiness"
2177,Religiousness in region,"church, faith, religion, spirituality, Religiousness in region"
2178,Social capital in region,"social cohesion, participation, Social capital in region"
2179,Mood state bias,"feeling bias, Mood state bias"
2180,Resilience,"hardiness, psychological strength, Resilience"
2182,Ethnic homogeneity in neighborhood,"local segregation, separation, ghetto, isolation, Ethnic homogeneity in neighborhood"
2183,Only child,"single child, one child family, Only child"
2184,Vitality,"active, healthy, interested, sparking, Vitality"
2186,Addiction (ICD code F10-F19),"alcohol, dependency, drugs, nicotine, stimulants, Addiction (ICD code F10-F19)"
2187,Effects on colleagues,"group morale, peer group, Effects on colleagues"
2188,Disasters in nation,"fire, flood, earthquake, typhoon, accident, Disasters in nation"
2189,Public/private sector,"state or market sector, Public/private sector"
2190,Valuation of family in nation,"familism, traditional, liberal, Valuation of family in nation"
2191,Creative behavior,"invention, problem solving, Creative behavior"
2192,Age composition in nation,"aging society, Age composition in nation"
2193,Genetic composition/distance in nation,"genetic variation, Genetic composition/distance in nation"
2194,Ethnic diversity in nation,"race difference, Ethnic diversity in nation"
2195,Social security in region,"decommodification, social insurance, Social security in region"
2196,Effects on survival,"longevity, recovery, life-expectancy, ageing, Effects on survival"
2198,Sentence completion,"projective measure, Sentence completion"
2199,Difference across nations,"cross-national, cross-cultural, macro level, Difference across nations"
2200,Difference within nations,"micro level, Difference within nations"
2201,Average of specific affects,"inventory, scale, semantic differential, summed affect, Average of specific affects"
2202,Difficulty of goals,"challenge, easiness, Difficulty of goals"
2203,Happy life years in places,"area, district, region, territory, Happy life years in places"
2204,Happy life years in publics,"category, group, people, Happy life years in publics"
2205,Happy life years over time,"trend HLY, Happy life years over time"
2206,Country of origin,"mother country, nation of birth, Country of origin"
2207,Response shift,"answer change over time, Response shift"
2209,Wellbeing support programs,"professional support, welfare service, Wellbeing support programs"
2210,Rating of mood from face/voice,"behavioral indication, body language, Rating of mood from face/voice"
2211,Self-monitoring of own happiness,"happiness awareness raising, multiple moment assessment, ESM, DRM, Self-monitoring of own happiness"
2212,Effects on migration,"migration intention, Effects on migration"
2213,Attitudes to community,"sense of belonging, Attitudes to community"
2214,Dependency,"autonomy, helpless, Dependency"
2215,Models of happiness,"advice, presentation, perceived pattern of conditions for happiness, Models of happiness"
2216,Models in social media,"presentation on Facebook, Models in social media"
2217,Models in teaching,"pedagogy, Models in teaching"
2219,Transport in vicinity,"access, bus, metro, mobility, public transport, road and rail network, train, transfer, Transport in vicinity"
2220,Pace of life in nation,"free time, relax, hurry, time stress, tense, Pace of life in nation"
2221,Hedonism,"pleasure seeking, Hedonism"
2222,Trend difference in inequality within nations across nations,"convergence, divergence, Trend difference in inequality within nations across nations"
2223,Attitudes to society,"ideology, Attitudes to society"
2224,Attitudes to people,", Attitudes to people"
2225,Attitudes to women,"gender equality, emancipation, sex role attitudes, Attitudes to women"
2226,Art of living in nations,"coping, lifestyle, Art of living in nations"
2227,Uses of happiness measures,"applications, Uses of happiness measures"
2228,Smoking in nation,"health behavior, stimulants, Smoking in nation"
2229,Job searching,"job application, job seeking, Job searching"
2230,Decentralization in region,", Decentralization in region"
2231,Happiness of males/females in nations,"gender, sex, Happiness of males/females in nations"
2232,Trend inequality in happiness across nations,"international convergence, divergence, Trend inequality in happiness across nations"
2233,Political events,"regime shift, Political events"
2234,Attitude to entitlements,"rights, fairness, Attitude to entitlements"
2235,Effects on response behavior,"measurement bias, Effects on response behavior"
2236,Value-behavior fit,", Value-behavior fit"
2237,Openness to experience,"experimental avoidance, denial, Openness to experience"
2238,Depression in nation,"sadness, melancholy, season affective disorder, Depression in nation"
2239,Valuation of autonomy in nation,"freedom, self direction, Valuation of autonomy in nation"
2240,Political change in nation,"regime shift, revolution, restauration, Political change in nation"
2241,Meditation. Mindfulness,"mindful, Meditation. Mindfulness"
2242,Economy in the region,"business, financial, market, production, subsistence, trade, wealth, Economy in the region"
2243,Economic growth/decline in region,"regional development, Economic growth/decline in region"
2244,Economic innovation in region,"creativity, development, Economic innovation in region"
2245,Strength,"power, Strength"
2246,Effects on sustainability,"ecology, environment, Effects on sustainability"
2247,Relative impact of happiness and unhappiness,", Relative impact of happiness and unhappiness"
2248,Relative wealth of nation,"affluence, development, rich, Relative wealth of nation"
2249,Effects on conditions for happiness,"bolster, self-perpetuate, sustain, mediate, Effects on conditions for happiness"
2250,Living in a Shelter,"protected housing, Living in a Shelter"
2251,Network characteristics,"density, size, number, intimacy, reciprocity, Network characteristics"
2252,Living in Cloister,"convent, monastery, Living in Cloister"
2253,Voting,"election, Voting"
2254,Happiness and Political Behavior,", Happiness and Political Behavior"
2255,Morning/evening type,"owl, lark, Morning/evening type"
2256,Religious practices,"church attendance, pray, bible reading, meditation, Religious practices"
2257,Loss of social support,"bereavement, isolation, broken ties, Loss of social support"
2258,Migration of intimates,", Migration of intimates"
2259,Media use,"digital, print, sound, Media use"
2260,Leisure activities,"hobby, interests, pastime, Leisure activities"
2261,Source of income,"revenue, Source of income"
2262,Urban green,"park, garden, trees, Urban green"
2263,Loss aversion,", Loss aversion"
2264,Rumination (ICD code F42),"overthinking, worry, Rumination (ICD code F42)"
2265,Summer/winter time,"time schedule, Summer/winter time"
2266,Time change,"routine, Time change"
2267,Time regime in nation,"season, schedule, Time regime in nation"
2268,"Pensions, savings","assets, Pensions, savings"
2269,Social security,"benefits, dole, Social security"
2270,Work,"business, employment, labor,  job, Work"
2271,Living in a Nursing home,"residential care, old age home, hospital, Living in a Nursing home"
2272,Self-reflection,"self awareness, Self-reflection"
2273,Socializing,"chatting, talking, tweeting, visits, Socializing"
2274,Collective events,", Collective events"
2275,Individual life events,"event, Individual life events"
2276,Bereavement,"death, widowhood, loss, still birth, Bereavement"
2277,Effects on conflict/peace,"harmony, consensus seeking, negotiation style, Effects on conflict/peace"
2278,Environment in the region,"green, nature, sustainable, Environment in the region"
2279,Attachment style,"bonding, Attachment style"
2280,Difference expected and experienced happiness,"affective forecast, Difference expected and experienced happiness"
2281,Happiness level in the world as a whole,"global,  world wide, Happiness level in the world as a whole"
2282,Health in vicinity,"public health, illness, Health in vicinity"
2283,Price level in nation,"costs of living, Price level in nation"
2284,Eco-energy in region,"green economy, sustainable, Eco-energy in region"
2285,Morality in nation,"ethical, fair, just, Morality in nation"
2286,Luxury,"conspicuous consumption, quality, expensive, Luxury"
2287,Attitude to competition,"market orientation, liberalism, Attitude to competition"
2288,Sex life in nation,"free sex, sexual pattern, liberal, restrictive, Sex life in nation"
2289,Experiences,"feelings, awareness, Experiences"
2290,Cinema,"film, movie, Cinema"
2291,Military service,"enlistment, Military service"
2292,Amenities in region,"livability, attractions, provisions, Amenities in region"
2293,Job change,", Job change"
2294,Maternity leave in nation,"pregnancy leave, Maternity leave in nation"
2295,Foreign aid by nation,"development aid, donor, recipient, Foreign aid by nation"
2296,Characteristics of kin,", Characteristics of kin"
2297,Life suffering,"hardship, Life suffering"
2298,Analysis of effects on happiness,"cost benefit analysis, monetarization, Analysis of effects on happiness"
2300,Environment,"sustainability, protection, Environment"
2301,Family,"family service, Family"
2302,Community,"local society, social capital, Community"
2303,Health care,", Health care"
2304,"Income, wealth","standard of living, Income, wealth"
2305,Value climate,"public morality, Value climate"
2306,Work,"employment, work conditions, Work"
2307,Child care policy,"family, day care, baby care, juvenile, youth protection, Child care policy"
2308,Foreign aid,"development aid, bilateral, multilateral aid, Foreign aid"
2309,Welfare,"social insurance, subsidies, Welfare"
2310,Taxation,"fiscal, Taxation"
2311,Relational pattern in region,"stem family, nuclear family, Relational pattern in region"
2312,Burnout (ICD code Z73),"break down, mental exhaustion, Burnout (ICD code Z73)"
2313,"Frail, vulnerable","stressed, Frail, vulnerable"
2314,Pro-active,"initiative, flexible, daring, bold, vanguard, Pro-active"
2315,Disturbing interruptions,"distraction, Disturbing interruptions"
2316,Pension system in nation,"income insurance, compulsory saving, state pension, Pension system in nation"
2317,Cardinal treatment of ordinal measurement,"equidistance, Cardinal treatment of ordinal measurement"
2318,Happiness in historical times,"happiness in earlier generations, Happiness in historical times"
2319,Critics of empirical happiness research,"disbelief, doubt, opposition, question, skeptic, Critics of empirical happiness research"
2320,Differences across personality types,"character, Differences across personality types"
2321,Conscientious,"cognizant, responsible, Conscientious"
2322,Birth order,"Benjamin, Birth order"
2323,Change stock market prices in nation,"share value, Change stock market prices in nation"
2324,(non)-linearity of statistical association,"L shaped, curvilinear, convex, U shaped, (non)-linearity of statistical association"
2325,Stress of events,"burden, Stress of events"
2326,Helping behavior,"altruism, Helping behavior"
2327,Happiness level in quarters in cities,"parts of cities, districts, municipality, neighborhood, ward, Happiness level in quarters in cities"
2328,Reminiscence of events,"memories, recall, Reminiscence of events"
2329,Perceived freedom,"opportunity to choose, Perceived freedom"
2330,Attitudes to school,", Attitudes to school"
2331,Coping with unhappiness,", Coping with unhappiness"
2332,Meaning of goals,"calling, mission, importance, Meaning of goals"
2333,Cost-benefit analysis and policy evaluation,"hedonic planning, hedonic calculus, effect study, Cost-benefit analysis and policy evaluation"
2334,Taxation,"fiscal, collective expenditures, Taxation"
2335,Work,"employment, labor, Work"
2336,Role of government,"government intervention, public policy, Role of government"
2337,Welfare,"social security, social insurance, Welfare"
2338,Education,"schooling, human capital, intelligence, Education"
2339,Childcare,"day care, baby care, juvenile, youth protection, Childcare"
2340,Medical technology,", Medical technology"
2341,Foreign aid,"development aid,  bilateral, multilateral aid, Foreign aid"
2342,Family,"family service, Family"
2343,Health care,"prevention, medicine, Health care"
2344,Mental health care,"therapy, prevention, Mental health care"
2345,Mental health care,"prevention, treatment, Mental health care"
2346,Economy,", Economy"
2347,Economy,", Economy"
2348,Home-ownership,", Home-ownership"
2349,Social values,"altruism, solidarity, trust, Social values"
2350,Tourism in region,"attractions, recreation, museum, parc, sight seeing, travel, vacationing, Tourism in region"
2351,Effects on volunteer work,"citizenship, Effects on volunteer work"
2352,"Belonging, sense of","connectiveness, Belonging, sense of"
2353,Alcohol,"drinking, Alcohol"
2354,Drugs,"hallucinogenic, amphetamine, heroine, marihuana, pot, substance, Drugs"
2355,Tobacco,"smoking, Tobacco"
2356,Alcohol use in nation,"drinking, Alcohol use in nation"
2357,"Reduction of smoking, drinking","abstinence, preventive health care, healthy living, Reduction of smoking, drinking"
2359,Compulsive disorder (ICD code F42),"obsessive, rigid, Compulsive disorder (ICD code F42)"
2360,Renewable energy plants in vicinity,"local biomass, geothermal, hydroelectric, solar, windmill, Renewable energy plants in vicinity"
2361,Tourism in vicinity,";local hospitality, hotel, recreation, sight seeing, monuments, visitors, Tourism in vicinity"
2362,Use of anti-depressives in nation,"medication, medicine, Use of anti-depressives in nation"
2363,Perceived happiness of others,", Perceived happiness of others"
2364,Economic events,"boom, crisis, depression, inflation, deflation, Economic events"
2365,Traffic jams in vicinity,"rush our, queue, Traffic jams in vicinity"
2366,Predictability of life events,"stability, shocks, uncertainty, Predictability of life events"
2367,Variability of weather conditions,"drought, storm, climate change, Variability of weather conditions"
2368,Personality in region,"personality type, Personality in region"
2369,Sustainable energy in nation,"solar, wind, water, Sustainable energy in nation"
2371,Pollution in nation,"smog, contamination, toxic waste, litter, noise, Pollution in nation"
2374,Happiness in age groups  in nations,"generation, cohort, Happiness in age groups  in nations"
2375,Happiness in young adults in nations,"twenties, Happiness in young adults in nations"
2376,Formal/informal employment,"black work, shadow economy, tenure, Formal/informal employment"
2377,Belief in afterlife,"heaven, reincarnation, Belief in afterlife"
2378,Stability of nation ranking of happiness,"continuity of relative position, Stability of nation ranking of happiness"
2379,Effects on consumer behavior,"buying, life style, Effects on consumer behavior"
2380,Hero attachment,"idol, fan, supporter, admiration, Hero attachment"
2381,Belief in social progress,"progress optimism, Belief in social progress"
2382,Conformism in nation,"obedience, autonomy, self direction, Conformism in nation"
2383,Relation therapy,"couple training, marriage therapy, Relation therapy"
2384,Ethnic diversity in region,"segregation, separation, ghetto, isolation, Ethnic diversity in region"
2385,Expected income,"financial prospects, Expected income"
2386,Noise in vicinity,"neighbor rumor, event, Noise in vicinity"
2387,Most/least happy types in nations,"winners, losers, Most/least happy types in nations"
2388,Fear of crime,"unsafe, Fear of crime"
2389,Financial good/bad luck,"windfall, Financial good/bad luck"
2390,Difference in effects of happiness within nations,"contingencies, Difference in effects of happiness within nations"
2391,Effects on helping,"altruism, Effects on helping"
2392,Crime rate in nation,", Crime rate in nation"
2393,Experience/material consumption,"hedonic consumption, Experience/material consumption"
2395,Happiness and Pro-social Behavior,"altruistic, nice, love, support, Happiness and Pro-social Behavior"
2396,What people seek happiness?,"happiness seeker, hedonist, What people seek happiness?"
2397,What people do to get happier,"ways to happiness, happiness strategies, hedonic strategy, What people do to get happier"
2398,Well-being of spouse,"health, happiness, quality of life, Well-being of spouse"
2399,Expats,"expatriate, temporary migrant, migrant work, Expats"
2400,Legal system in nation,"juridical, law enforcement, Legal system in nation"
2401,Property rights in nation,"having, owner, posses, proprietor, Property rights in nation"
2402,Rule of law in nation,"law enforcement, fair, just, Rule of law in nation"
2403,Immigrants in region,"influx, migrants, mobility, Immigrants in region"
2404,Migration aspiration,"migration intention, wish to leave country, Migration aspiration"
2405,Inequality of happiness,"divergence, dispersion, spread, standard deviation, Inequality of happiness"
2406,Inequality of happiness in nations,", Inequality of happiness in nations"
2407,Inequality of happiness in regions,", Inequality of happiness in regions"
2408,Inequality of happiness in publics,", Inequality of happiness in publics"
2409,Fear of happiness in nation,"happiness anxiety, Fear of happiness in nation"
2410,Psycho-education,"coping, counseling, empowerment, life skills training, Psycho-education"
2411,Rigidity,"cognitive closure, flexibility, ambiguity tolerance, Rigidity"
2412,Demography in region,"population composition, Demography in region"
2413,Population density in region,"crowding, people per square kilometer, Population density in region"
2414,Population density  in nation,"crowding, people per square kilometer, Population density  in nation"
2416,Justice,"law, legal juridical, court, judge, rule, Justice"
2417,How do people interpret questions on happiness?,"interpretation, meaning, How do people interpret questions on happiness?"
2418,Difference between expected happiness and choice,"behavioral relevance of happiness, Difference between expected happiness and choice"
2419,Effects on choice,", Effects on choice"
2420,Suicide rate in region,", Suicide rate in region"
2421,Pain in nation,"ache, hurt, Pain in nation"
2422,Emotional expressiveness,"open, reserved, Emotional expressiveness"
2423,Terrorist attack,", Terrorist attack"
2424,Effects on ecological behavior,"green consumption, ecological footprint, Effects on ecological behavior"
2426,Rating of mood from word use,"valence of words, Rating of mood from word use"
2427,Living in an Orphanage,"orphan, foster care, Living in an Orphanage"
2428,Foster child,", Foster child"
2429,Economic investment in region,"development, venture, Economic investment in region"
2430,Perceived control over one's happiness,"attribution, luck, fate, Perceived control over one's happiness"
2431,Happiness and Choice behavior,"decisive, Happiness and Choice behavior"
2432,Industry in vicinity,"business, plants, trade, Industry in vicinity"
2433,Politics in region,"governance, legislation, policy, rule, Politics in region"
2434,Public goods in region,"amenities, collective care, communal, free facilities, third sector, government services, welfare, Public goods in region"
2435,Safety in region,"security, protection, danger, Safety in region"
2436,Culture in region,"beliefs, civilization, custom, ideas, values, national character, Culture in region"
2437,Cohesion in region,"social capital, social stability, anarchy, disintegration, Cohesion in region"
2440,Livability of region,"apparent livability, Livability of region"
2441,Representativeness,"sampling error, Representativeness"
2442,Reviews of literature on measurement of happiness,"literature survey, Reviews of literature on measurement of happiness"
2443,Measures of life appraisals other than happiness,"invalid, Measures of life appraisals other than happiness"
2444,Preference for happiness in nation,"hedonism, value of happiness, Preference for happiness in nation"
2445,Attitude to happiness in nation,"stance to enjoyment of life, Attitude to happiness in nation"
2446,Sexual orientation,"lesbian, gay, homo, transgender, transsexual, Sexual orientation"
2447,Transsexuals,"gender dysphoria, gender identity disorder, sex-reassignment, Transsexuals"
2448,Step-children,"reconstituted family, Step-children"
2449,Medication,"drug, pharmacology, Medication"
2450,IQ,"school intelligence, test intelligence, IQ"
2451,Gifted,"genius, exceptionally intelligent, high IQ, Gifted"
2452,"Retarded, demented","learning disability, dull, Retarded, demented"
2453,Attitudes to the future,"expectations, fears, hopes, prospects,, Attitudes to the future"
2454,Attitudes to freedom,", Attitudes to freedom"
2455,Working time,", Working time"
2456,Sector,"branch, Sector"
2457,Unpaid work,", Unpaid work"
2458,Outdoor activities,"night life, Outdoor activities"
2459,Structure of satisfactions,"arrangement, organization, system, Structure of satisfactions"
2460,Integrate appraisals,"average, combine, mesh, sum, Integrate appraisals"
2461,Reflect an attitude,"echo, top-down, view, Reflect an attitude"
2462,Further issues,", Further issues"
2463,Effects on behavior,"action, conduct, performance, Effects on behavior"
2464,Effects on health,"salutogenic, Effects on health"
2465,Differences in effects of happiness,"conditional, contingent, context dependent, variable, Differences in effects of happiness"
2466,Views on one's own happiness,"attitude, belief, self, Views on one's own happiness"
2467,Topics in philosophy of happiness,"issues, questions, Topics in philosophy of happiness"
2468,Research infrastructure for happiness,"facilities, organization, Research infrastructure for happiness"
2469,Findings archive,"register of research findings, Findings archive"
2470,Topics of research,"subject, issue, question, Topics of research"
2471,Sources of bias,"distortion, inaccuracy, Sources of bias"
2472,Validity doubts,"qualms, reservations, Validity doubts"
2473,Comparison across populations,"publics, social, categories, Comparison across populations"
2474,Self report,"rating of own contentment, Self report"
2475,Formerly married,", Formerly married"
2476,Single,", Single"
2477,Kind of children,", Kind of children"
2478,Happiness and Family,"kin, relatives, Happiness and Family"
2479,Divorce,"separation, marital break-up, Divorce"
2480,Tax compliance in nation,"tax evasion, Tax compliance in nation"
2481,Authoritarian,"bold, Authoritarian"
2482,Degree,"thrifty, Degree"
2483,Law,"justice, rules, juridical, Law"
2484,Immigrants in region,"influx, newcomers, Immigrants in region"
2485,Planning of children,"birth control, Planning of children"
2486,unplanned child,"unwanted pregnancy, unplanned child"
2487,use of contraception,"condom, pill, IUD, use of contraception"
2489,Retirement,"pension, emeritus status, Retirement"
2490,Acceptance of homo-sex in nation,"bisexual, gay, lesbian, LTGB, same sex, Acceptance of homo-sex in nation"
2491,Adoption of child,"non-biological child, Adoption of child"
2492,Adopted children,", Adopted children"
2494,Childcare,"baby sitting, Childcare"
2495,Telework,"home work, internet, Telework"
2496,Perceived corruption in country,", Perceived corruption in country"
2497,Shift work,", Shift work"
2498,Difference between earlier expected and currently experienced  happiness,"earlier over-optimism, over-pessimism, earlier future realism, Difference between earlier expected and currently experienced  happiness"
2499,Attitudes to safety,"out of danger, secure, threat, Attitudes to safety"
2500,Thriving/suffering,"Gallup index of current + expected life-evaluation, Thriving/suffering"
2501,Models in religion,"happy believer, Models in religion"
2502,Pressure to be/act happy,"forced happiness, normative happiness, Pressure to be/act happy"
2503,Instrumental variable analysis,"causal inference, Instrumental variable analysis"
2504,Trend among working people,"work force, Trend among working people"
2505,Zest,", Zest"
2506,Ways to pursue happiness,"hedonic strategy, Orientations to Happiness Questionnaire OTH or OHQ, Ways to pursue happiness"
2507,Remoteness,"isolation, Remoteness"
2508,Energy,"fuel, electricity, Energy"
2509,Attitude to environmental protection,"climate conscious, Attitude to environmental protection"
2510,School involvement,"participation, School involvement"
2511,Single parent family,"child of divorce, lone parent child, one parent family back group, Single parent family"
2512,Attitudes to the economy,", Attitudes to the economy"
2513,Difference with folk concept,"ordinary use, lay concept, everyday concept,, Difference with folk concept"
2514,Seeing meaning,"meaningfulness, meaningful life, purpose in life, coherence, narrative,  fulfilment,  mission, calling,, Seeing meaning"
2515,Difference with other notions of well-being,"flourishing, quality of life, health, happiness, Difference with other notions of well-being"
2516,Role of narrative,"story, meaning, sense of coherence, Role of narrative"
2517,Tourist visits to  nation,"vacationers, tourism, Tourist visits to  nation"
2518,Micro-simulation,", Micro-simulation"
2519,Happiness and Travel behavior,"mobility, Happiness and Travel behavior"
2520,Happiness in patients,"disabled, handicapped, ill, sick, in treatment, Happiness in patients"
2521,Happiness in non-modern people,"ancient, hunter gatherers, primitive, traditional, past, indigenous, Happiness in non-modern people"
2522,Happiness in unemployed people,"jobless, Happiness in unemployed people"
2523,Happiness in working people,"employed, Happiness in working people"
2524,Job loss,"falling unemployed, Job loss"
2525,Unemployment of spouse,", Unemployment of spouse"
2526,Temperature,"cold, hot, warm, moderate, Temperature"
2527,Architecture,", Architecture"
2528,Uplifts,"cheer up,, Uplifts"
2529,Self-direction,"autonomy, psychological freedom, Self-direction"
2530,Wish to live,"vitality, love for life, Wish to live"
2531,Weak ties,"casual contacts, daily encounters, Weak ties"
2532,Communication of happiness,"expression, honesty, social desirability, Communication of happiness"
2533,Narcissism,"inflated self, Narcissism"
2534,Effects on frugality,"simple living, down-consuming (reverse overspending, indebting), Effects on frugality"
2535,Poverty in region,"low income, deprivation, Poverty in region"
2536,Sense of power,"powerless, Sense of power"
2537,Self-presentation,"public self, Self-presentation"
2538,Use for inferring preferences,"utility, want, need, Use for inferring preferences"
2539,Effects on personality development,"character change, Effects on personality development"
2540,Stressed (ICD code Z-73),"jittery, nervous, Stressed (ICD code Z-73)"
2541,Self-harm,"mutilation, suicide, Self-harm"
2543,Emotional differentiation,"mixed mood, different affect, Emotional differentiation"
2544,Autism (ICD ode F84),"autism spectrum disorder, Autism (ICD ode F84)"
2545,Effects on economy,"affluence, growth, Effects on economy"
2547,Similarity in happiness,"equality, sameness, Similarity in happiness"
2548,Non-western notions of health,"alternative, flourishing, Non-western notions of health"
2549,Ayurveda Prakrit health rating,"traditional Indian health philosophy, Ayurveda Prakrit health rating"
2550,Satisfaction with everything,"general satisfaction, Satisfaction with everything"
2551,Tax evasion,"cheating, Tax evasion"
2552,Crime in vicinity,"assault, gangs, theft,, Crime in vicinity"
2553,Sex-reassignment,"cross-sex treatment, gender dysphoria, gender identity disorder, gender incongruence, gender transformation,  transsexual, Sex-reassignment"
2554,Gender dysphoria (ICD code F64),"androgyne, cross-sex, gender identity disorder, gender incongruence, cross-dressing, transsexual, transvestite, queer, Gender dysphoria (ICD code F64)"
2555,Transgender,"androgen, transsexual, unisex, queer, Transgender"
2556,Inter sex,"androgynous, hermaphrodite, gender dysphoria, Inter sex"
2557,Addicts,"alcoholic, drug dependency, junky, Addicts"
2558,Cortisol level,"hormone, stress, Cortisol level"
2559,Self-control,"impulsive, Self-control"
2560,Child care,"creche, pre school, kindergarten, Child care"
2561,Difference across happiness levels,"non-linear, Difference across happiness levels"
2562,Similarity in wellbeing of spouses,"inequality of happiness in couple, similarity, Similarity in wellbeing of spouses"
2563,Custody of divorced parents,"childcare, Custody of divorced parents"
2564,Health in region,"public health, Health in region"
2565,Obesity in region,"overweight, Obesity in region"
2566,Marriage in region,"couples, married, Marriage in region"
2567,Effects on motivation,"aspirations, goals, preferences, wants, Effects on motivation"
2568,Group identification,"social identity, Group identification"
2569,Possibility of happiness,"feasibility, optimism, skepticism, Possibility of happiness"
2570,Satisfaction with safety,", Satisfaction with safety"
2571,Equivalent income in nation,"household adjusted income, Equivalent income in nation"
2572,Shared household work,"equal, non-specialization, Shared household work"
2573,Content-analysis of ego-documents,"biographies, diaries, letters, tweets, Content-analysis of ego-documents"
2574,What happiness most important?,"value of happiness, What happiness most important?"
2575,In age groups,"cohort,, generation, In age groups"
2576,Young adults,", Young adults"
2577,Attitude to nation,"national pride, nationalism, national identity, Attitude to nation"
2578,Difference in effects of affective and cognitive component,", Difference in effects of affective and cognitive component"
2579,ADHD (ICD code F90-F98),"attention deficit, conduct disorders, ADHD (ICD code F90-F98)"
2580,Perceived variability of happiness,"stability, traits, Perceived variability of happiness"
2581,Effects on giving,"altruism, Effects on giving"
2582,Macro level models,", Macro level models"
2583,Satisfaction with one's appearance,"beauty, body image, body satisfaction, Satisfaction with one's appearance"
2584,Answer time,"ease of response, Answer time"
2585,Social enterprises in vicinity,"local cooperatives, nonprofit, sustainable economy, Social enterprises in vicinity"
2586,Effects on materialism,"greed, Effects on materialism"
2587,Expropriation,"disowning, nationalization, Expropriation"
2588,Coping with conflict,", Coping with conflict"
2589,Satisfaction with food,"eating, tasting, Satisfaction with food"
2590,Happiness of parents,", Happiness of parents"
2591,Pain,"ache, Pain"
2592,Openness in nation,", Openness in nation"
2593,Family crisis,"broken home, illness, violence, mishap, Family crisis"
2594,Happiness and Particular Activities,"occupation, time use, work, Happiness and Particular Activities"
2595,Integration of minorities,"acceptance, acculturation, emancipation, Integration of minorities"
2596,Economic Stability in nation,"volatility, Economic Stability in nation"
2597,Can efficiency in use of resources for happiness be measured?,"policy effectiveness, Can efficiency in use of resources for happiness be measured?"
2598,Handicapped,"disabled, Handicapped"
2599,Sport events,"games, olympics, Sport events"
2600,In workforce (vs not),"child, student, disabled, retired, In workforce (vs not)"
2601,Being a student,"pupil, learner, Being a student"
2602,Physical activation,"exercise, move, sport, Physical activation"
2603,Side effects of happiness policy,"reactivity, unintended consequences, Side effects of happiness policy"
2604,Number of siblings,"borthers, sisters, Number of siblings"
2605,Power distance in nation,"authority, hierarchy, influence, stratification, Power distance in nation"
2606,Attitude to democracy,", Attitude to democracy"
2607,Importance of goals,"relevance, Importance of goals"
2608,Desired experience,"wanted feeling, Desired experience"
2609,Pre-natal conditions,"unborn, Pre-natal conditions"
2610,Medication of mother during pregnancy,"pharmaceutics, Medication of mother during pregnancy"
2611,Belief in hard work,"protestant ethic, work morale, Belief in hard work"
2612,Communication devices,"contact, electronics, Communication devices"
2613,Telephone,"mobile, iphone, smartphone, Telephone"
2614,Happiness and non-family intimate ties,"close contacts, Happiness and non-family intimate ties"
2615,Relation with colleagues,", Relation with colleagues"
2616,Relation with friends,"comrade, pal, Relation with friends"
2617,Relation with teachers,"coach, therapist, Relation with teachers"
2618,Civic behavior,"social, responsible, participative, Civic behavior"
2621,Stage of life,"phase, youth, middle age, Stage of life"
2622,Infectious and parasitic diseases,"ICD class: A-B, Infectious and parasitic diseases"
2623,Neoplasms (Cancer),"ICD class:  C-D, Neoplasms (Cancer)"
2624,"Endocrine, nutritional and metabolic diseases","ICD category: E, Endocrine, nutritional and metabolic diseases"
2625,"Diseases of blood, blood organs and certain immune mechanisms","ICD class: D, Diseases of blood, blood organs and certain immune mechanisms"
2626,"Mental, behavioral and neurodevelopmental disorders","mental illness, mental disturbance, mad, ICD class: f, Mental, behavioral and neurodevelopmental disorders"
2627,Diseases of the nervous system,"neurological, multiple sclerosis,  chronic pain, migraine, chronic headache, ICD class: G, Diseases of the nervous system"
2628,Diseases of the eye and adnexa,"bad sight, blind, ICD class: H, Diseases of the eye and adnexa"
2629,Diseases of the ear and mastoid process,"hearing, deaf, ICD class: H, Diseases of the ear and mastoid process"
2630,Diseases of the circulatory system,"heath disease, hypertension, stroke  ICD class: I, Diseases of the circulatory system"
2631,Diseases of the respiratory system,"lung disease, COPD,  ICD class: J, Diseases of the respiratory system"
2632,Diseases of the digestive system,"stomach, intestines, ICD class: K, Diseases of the digestive system"
2633,Diseases of the skin and subcutaneous tissue,"eczema, psoriasis, ICD class: L, Diseases of the skin and subcutaneous tissue"
2634,Diseases of the musculoskeletal system and connective tissue,"rheumatoid arthritis, joint complaints, ICD class: M, Diseases of the musculoskeletal system and connective tissue"
2635,Diseases of the genitourinary system,"renal, ICD class: N, Diseases of the genitourinary system"
2636,"Complication in pregnancy, childbirth and the puerperium","gynecology, obstetric, ICD class: O, Complication in pregnancy, childbirth and the puerperium"
2637,Conditions originating from the perinatal period,"ICD class: P, Conditions originating from the perinatal period"
2638,Congenital malformations and chromosomal abnormalities,"down syndrome, ICD class: Q, Congenital malformations and chromosomal abnormalities"
2639,Trauma,"ICD class: S-T, Trauma"
2640,Symptoms and test results not classified elsewhere,"chronic pain, sleep disorder, ICD class: R, Symptoms and test results not classified elsewhere"
2641,Health complaints,"symptoms, Health complaints"
2642,Fatigue,"exhaustion, lethargy, Fatigue"
2643,Itch,"soreness, Itch"
2644,Nausea,"revulsion, vomit, Nausea"
2645,Breast cancer,", Breast cancer"
2646,Prostate cancer,", Prostate cancer"
2647,"HIV infected, Aids","aids, HIV infected, Aids"
2648,Psoriasis,", Psoriasis"
2650,Renal failure,"kidney, Renal failure"
2651,Down syndrome,", Down syndrome"
2654,Sleepless,"insomnia, Sleepless"
2656,Tetraplegia,"broken neck, spinal cord injury, paralysis, Tetraplegia"
2657,Infertility,"childlessness, Infertility"
2658,Stroke,"CVA, cerebral infarction, Stroke"
2659,Sequela of illness and treatment,"consequence of previous disease or injury, long-term effect, Sequela of illness and treatment"
2660,Rheumatism,"arthritis, Rheumatism"
2661,Sex balance in nation,"m/f ratio, Sex balance in nation"
2662,Happiness of other people in neighborhood,"happy surrounding, Happiness of other people in neighborhood"
2663,Mood control,", Mood control"
2664,Relations with children,"social bond, social capital, family cohesion, Relations with children"
2665,Acceptance of artificial happiness,"illusory happiness, Nozick experience machine, Acceptance of artificial happiness"
2666,Expense on education in region,"investment in schooling, Expense on education in region"
2667,Institutional quality in region,"government effectiveness, good governance, Institutional quality in region"
2668,children,", children"
2670,Vagal tone,"heart rhythm, Vagal tone"
2671,Envious,"jealous, Envious"
2672,Happiness of students in nations,"academia, school, university, Happiness of students in nations"
2673,Novelty seeking,"interest, Novelty seeking"
2674,Similarity in concomitants of happiness,"shared conditions for happiness, Similarity in concomitants of happiness"
2675,Love of life,", Love of life"
2676,left/right hemisphere asymmetry,", left/right hemisphere asymmetry"
2677,Delphi study,"expert's views, Delphi study"
2682,Happiness and well-being,"flourishing, thriving, happiness, eudaimonia, quality of life, prudential value, Happiness and well-being"
2683,Birth history,"delivery, infancy, Birth history"
2684,Happiness in retirees,"pension, emeritus, stopped working, Happiness in retirees"
2685,Models in politics,", Models in politics"
2686,Configuration,"trait combinations, Configuration"
2687,Body image,"self perceived physiognomy, Body image"
2688,Education in region,"schooling, Education in region"
2690,Want children,"child wish, precreation, Want children"
2691,Effects on social capital in community,"local social ties, Effects on social capital in community"
2692,urban growth/shrink,"city decline, urban growth/shrink"
2693,Sufficient water intake,"drinking of elderly, Sufficient water intake"
2694,inequality of opportunities in nation,"unequal life chances, advantage, disadvantage, deprivation, inequality of opportunities in nation"
2695,Acceptance of ways to happiness,"attitude to happiness strategies, Acceptance of ways to happiness"
2696,Relative to other values,"value priority of happiness, Relative to other values"
2697,Belief that possessions make happy,"materialism, Belief that possessions make happy"
2698,Entrepreneur,"business, self-employed, Entrepreneur"
2699,Ethnocentrism,"feelings of superiority, Ethnocentrism"
2700,Wealth/poverty of parents,"financial situation, family assets, Wealth/poverty of parents"
2701,Net wealth,"assets + debts, capital, Net wealth"
2702,Mental health of parents,"parents depression, Mental health of parents"
2703,Services,"help, Services"
2704,Economic competitiveness of nation,", Economic competitiveness of nation"
2705,Change average household income in nation,"income progress, decline, Change average household income in nation"
2706,Distance to adult children,"far away, close by, Distance to adult children"
2708,Shape of relationship,"declining utility, linear, non-linear, u-shaped, l-shaped, convex, pattern, Shape of relationship"
2709,Multiple jobs,"portfolio workers, mono worker, Multiple jobs"
2710,Concerns in nation,"interest, worry, Concerns in nation"
2711,Topics of interest in media and internet searches,"popular subjects, Topics of interest in media and internet searches"
2712,Home amenities,"furniture, Home amenities"
2713,Geography in nation,"geography, natural conditions, Geography in nation"
2714,Humor therapy,"laughing, Humor therapy"
2715,Private transfers,"gifts, income support, Private transfers"
2716,Effects on use of stimulants,"addiction, alcohol, drugs, dependency, Effects on use of stimulants"
2717,EU membership of nation,"European Union, EU membership of nation"
2718,Attitude to life-style issues,"way of life, Attitude to life-style issues"
2719,Attitude to money,"consumption, debts, spending,, Attitude to money"
2720,Satisfaction with opportunity for activities,", Satisfaction with opportunity for activities"
2721,Inequality of happiness in parts of the world,"divergence, spread, Inequality of happiness in parts of the world"
2722,Aggression,"anger, intentional harm, violent, Aggression"
2723,First job,", First job"
2724,School leave,"diploma, exam, School leave"
2725,Happiness in migrants,"emigrants, immigrants, foreigner, Happiness in migrants"
2726,Minimum wage,", Minimum wage"
2727,Attitude to nuclear power,"sustainable energy, Attitude to nuclear power"
2728,Shape of relationship with correlate of happiness,"convex, curvilinear, declining, linear, marginal utility, Shape of relationship with correlate of happiness"
2729,Trust in institutions,"cynical, distrust, Trust in institutions"
2734,Intrinsic motivation,"authentic, extrinsic, self-driven other-driven, Intrinsic motivation"
2735,satisfaction with college/university life,"student life, satisfaction with college/university life"
2736,Innovation in nation,"creativeness, R&D, Innovation in nation"
2737,Inborn dispositions,"genotype, conditions during pregnancy, Inborn dispositions"
2739,Austerity,"cut government expenses, raise tax, Austerity"
2740,Internet penetration in nation,"broadband, Internet penetration in nation"
2741,HLY+ variants,"Happy Planet Index, environmentally responsible happy nation Index, WELBY, HLY+ variants"
2742,Healthy eating,"diet, food, low fat, fruits and vegetables, Healthy eating"
2743,Perfectionism,", Perfectionism"
2744,Quality of life,"good life, Quality of life"
2745,Dance therapy,"movement, music, Dance therapy"
2746,Pay,"salary, rewards, fringe benefits, Pay"
2747,Satisfaction with travel,"commute, mobility, Satisfaction with travel"
2748,Effects on satisfaction,"top-down effect (vs bottom-up), Effects on satisfaction"
2749,Happiness and Social Interaction,"contacts, Happiness and Social Interaction"
2750,Sharing experiences,"capitalization, Sharing experiences"
2752,Self-other-congruency in view on self,"other rating, congruency with reputation, Self-other-congruency in view on self"
2753,Conspicuous consumption,"keeping up appearance, show-off, status consumption, veblen, Conspicuous consumption"
2754,Demented,"alzheimer, confused, disturbed, Demented"
2755,Fibromyalgia,"chronic muscoscelettal pain (CMP), Fibromyalgia"
2756,Happiness of the least happy,"negative utilitarianism, rawlsian happiness, Happiness of the least happy"
2757,Rehabilitation,"recovery training, Rehabilitation"
2758,Hedonic desires,"lust, Hedonic desires"
2759,Vengeance,"feelings of revenge, Vengeance"
2760,Lawyer,"jurist, Lawyer"
2762,Spending priorities,", Spending priorities"
2764,Attitude to immigrants in nation,", Attitude to immigrants in nation"
2765,Parenting style,"socialization, upbringing, training, Parenting style"
2766,Economic freedom in region,", Economic freedom in region"
2768,Urbanization in nation,"city, Urbanization in nation"
2769,Mediators,"causal links, Mediators"
2770,Attachment,"closeness, connected, Attachment"
2771,Effects on resilience,"vulnerability to stress, Effects on resilience"
2772,Physical activity,"exercise, moving, sporting, walking, Physical activity"
2773,Living in Hospice,"dying clinic, Living in Hospice"
2775,Unemployment of parent,"job loss, Unemployment of parent"
2776,Happiness in minorities,"outsider, outgroup, Happiness in minorities"
2777,Happiness in sexual minorities,"LTGB, bisexual, homosexual, transgender, Happiness in sexual minorities"
2778,Acculturation,"adjustment to a new culture, Acculturation"
2779,Advertising in nation,"marketing, Advertising in nation"
2780,Attitude to marketing,"advertisement, Attitude to marketing"
2781,Extraction industry in region,"mining, oil, Extraction industry in region"
2782,Different weights,", Different weights"
2783,Liquidity,"cash, Liquidity"
2784,Alcohol consumption of parents,"drinking, Alcohol consumption of parents"
2785,Interests,"information seeking, Interests"
2786,Happiness in high performers,"achievers, excel, successful, top, Happiness in high performers"
2787,High IQ,"genius, smart, High IQ"
2788,Top sporter,"high ranking, winner, Top sporter"
2789,Decisive,"ambivalent, regret, Decisive"
2790,Job protection,"tenure, Job protection"
2791,Attitude to own (return)migration,", Attitude to own (return)migration"
2792,Over/under qualified for job,"over educated, under educated, Over/under qualified for job"
2793,Effects on procreation,"family planning, having children, Effects on procreation"
2794,Nudism,"FKK (Frei Körper Kultur), Nudism"
2796,Bridge job,"in between job, pre-retirement demotion, Bridge job"
2797,Optimal mix of conditions,"interaction, strengthen, Optimal mix of conditions"
2798,Nursing home residents,"institutional living, patients, Nursing home residents"
2799,Gardening therapy,"horticultural therapy, Gardening therapy"
2800,Vulnerability for focal value choice,"extreme options, mid option, Vulnerability for focal value choice"
2801,Sex workers,"prostitute, whore, gigolo, hooker, Sex workers"
2802,Use in marketing,"advertisement, product promotion, Use in marketing"
2803,Use of alternative medicine,", Use of alternative medicine"
2804,Want more/less work,"over employment, under employment, Want more/less work"
2805,Post retirement work,", Post retirement work"
2806,Love styles,", Love styles"
2807,Urban planning,"city design, Urban planning"
2808,Workfare,"subsidized work, Workfare"
2809,Fair trade agriculture,"sustainable agriculture, Fair trade agriculture"
2810,Commitment to goals,"persistence, Commitment to goals"
2811,Persistence,"dedicated, Persistence"
2812,Impulsive (vs inhibited),"unconsidered, inpatient, Impulsive (vs inhibited)"
2813,Dominant,"not shy, Dominant"
2814,Psychopathy (ICD code F60.2),"anti-social personality, Psychopathy (ICD code F60.2)"
2815,Statistical analysis (other than standard correlational),"quantitative analysis, Statistical analysis (other than standard correlational)"
2816,Attitude to local tourism,", Attitude to local tourism"
2817,Rumination,"circular negative thought, Rumination"
2818,Work motivation training,"calling, mission, work involvement, purpose, Work motivation training"
2819,Effects on functional health,"not handicapped, Effects on functional health"
2820,Victimization,"traumatic event, Victimization"
2821,Victim of war,"displaced, refugee, war invalid, Victim of war"
2822,Automobile use in nation,"car penetration, Automobile use in nation"
2823,Reciprocity,"balanced relationship, Reciprocity"
2824,Demography in vicinity,"population composition, Demography in vicinity"
2825,Immigration in vicinity,"local influx, Immigration in vicinity"
2826,Sexual disfunction,", Sexual disfunction"
2827,Acceptance of happiness as a policy goal,", Acceptance of happiness as a policy goal"
2828,Balance of support,", Balance of support"
2829,Oral cancer,"cancer of mouth, throat, salivary gland, Oral cancer"
2831,Eating,", Eating"
2832,Transplantation,"organ transplant, Transplantation"
2833,Estimating average experience,"retrospective, Estimating average experience"
2834,Happiness in region,", Happiness in region"
2835,Trend inequality (happiness gap) across income groups,", Trend inequality (happiness gap) across income groups"
2836,Autists,"autism, Autists"
2837,Skin color,"race, Skin color"
2838,Work schedule flexibility,"chosen work hours, Work schedule flexibility"
2839,Happiness in ethnic minorities,"race, religion, Happiness in ethnic minorities"
2840,How much happiness is maximally possible?,", How much happiness is maximally possible?"
2841,Ritual marking of life change,"ceremony, rite de passage, Ritual marking of life change"
2842,Stress in childhood,"problems in youth, Stress in childhood"
2843,Attitudes to spouse,", Attitudes to spouse"
2845,Authentic,"real, Authentic"
2846,Adjustment to life in nursing home,"resignation, Adjustment to life in nursing home"
2847,Attitudes in region,"beliefs, opinions, values, Attitudes in region"
2848,Attitudes to sexuality,", Attitudes to sexuality"
2849,Attitude to sexuality in nation,"sexual permissiveness, Attitude to sexuality in nation"
2851,Goal of education,", Goal of education"
2852,Internet access,", Internet access"
2853,Satisfaction with sex life,", Satisfaction with sex life"
2854,Violence in family,", Violence in family"
2855,Hardship in family,"disruption, Hardship in family"
2856,Existence of a single hedonic dimension in affect,"uni-dimension affect, Existence of a single hedonic dimension in affect"
2857,Indicators of hedonic level in animals,"animal mood, behavioral indicators, Indicators of hedonic level in animals"
2858,Satisfaction with sports,", Satisfaction with sports"
2859,Latin-American pattern,"South America, Latin-American pattern"
2860,Perceived relative income,"relative deprivation, Perceived relative income"
2861,Wealth,"capital, possessions, Wealth"
2862,Level of income,"rich, poor, Level of income"
2863,Effects on coping with loss,"protection, Effects on coping with loss"
2864,International trade by nation,"foreign trade, import, export, International trade by nation"
2865,Change exports of nation,", Change exports of nation"
2866,Migrant remittances,"support by migrant workers, Migrant remittances"
2867,Entrepreneurs,"business owner, self-employed, Entrepreneurs"
2868,Educational aspirations,", Educational aspirations"
2869,Happiness and Activity Pattern,", Happiness and Activity Pattern"
2870,Variation in activities,"diversity in doings, Variation in activities"
2871,Preferences,"choice, Preferences"
2872,Preference for time over money,", Preference for time over money"
2873,Criminals,"crook, law breaker, Criminals"
2874,Heart rate,", Heart rate"
2875,TO BE (RE)CODED,", TO BE (RE)CODED"
2876,Relative strength of correlations,", Relative strength of correlations"
2877,Attitude to occupations,"views on professions, Attitude to occupations"
2878,Search for meaning,"seeking a cause, looking for purpose, Search for meaning"
2879,Personality change,", Personality change"
2880,Effects on physical activity,"sporting, Effects on physical activity"
2881,Happiness in very rich or poor people,"affluent, deprived, low income, well off, Happiness in very rich or poor people"
2882,Effects of immune function,"inflammation, Effects of immune function"
2883,ESM/DRM correspondence,"time sampling, dairy, ESM/DRM correspondence"
2884,Happiness and Organizational behavior,"team work, Happiness and Organizational behavior"
2885,Leadership,"coordinator, manager, Leadership"
2886,Bone density,"osteoporosis, Bone density"
2887,Unexplained component in prices,", Unexplained component in prices"
2889,Allostatic load,"physical symptoms of stress, Allostatic load"
2890,Among policy makers,", Among policy makers"
2891,Mental patients,"mental defect, psychological disorder, insane, mad, Mental patients"
2892,Schizophrenics,"disturbed, insane, Schizophrenics"
2893,Satisfaction with shopping,"buying, Satisfaction with shopping"
2894,Income of spouse,"earnings, Income of spouse"
2895,Mental activity,"alert, conscious, thought valence, Mental activity"
2896,Belief in Free Will,", Belief in Free Will"
2897,Immune function,"inflammation, Immune function"
2898,ESM/global correspondence,"average mood in the moment vs estimates of average mood, ESM/global correspondence"
2900,Mendelian randomization,"causal inference, genetic polymorphisms, Mendelian randomization"
2901,Self-management training,"autonomy, self efficacy, independence, Self-management training"
2902,Intimates left in home country,", Intimates left in home country"
2903,Similarity with genetic basis of correlates of happiness,"genetic correlation, Similarity with genetic basis of correlates of happiness"
2904,Empathy in nation,"other perspective taking, social sensibility, Empathy in nation"
2905,Empathy,", Empathy"
2906,Similarity in personality with spouse,", Similarity in personality with spouse"
2907,Brain volumes,"size of brain parts, Brain volumes"
2908,Effects on attractiveness for tourists,"vacation destination, Effects on attractiveness for tourists"
2910,Subsidized work,"workfare, Subsidized work"
2911,Progress indicator,"apparent livability, Progress indicator"
2912,Reasons for earlier retirement( or not),"job lock, Reasons for earlier retirement( or not)"
2913,Effect on self-employment,"entrepreneur, Effect on self-employment"
2914,Inventors,"patent holders, Inventors"
2915,PC,"computer, PC"
2916,Training for coping with illness,", Training for coping with illness"
2917,Training for coping with care tasks,"helping, Training for coping with care tasks"
2918,Vocational training,"work education, Vocational training"
2919,Savoring training,"art of living, hedonic capacity, Savoring training"
2920,Goal setting training,"aims, aspirations, Goal setting training"
2921,Positive thinking training,"hope, optimism, Positive thinking training"
2922,Health education,", Health education"
2923,Retarded,"silly, simple, Retarded"
2924,Health care,"treatments, Health care"
2925,Psycho-therapy,"treatment for mental problems, Psycho-therapy"
2926,Gratitude training,"thankful, Gratitude training"
2927,Forgiving training,", Forgiving training"
2928,Music therapy,", Music therapy"
2930,Sustainability,"environmental protection, renewable energy, Sustainability"
2931,Sustainability,"environmental protection, renewable energy, Sustainability"
2932,Leisure education,"free time, Leisure education"
2933,Laughter yoga,", Laughter yoga"
2934,"Biking, walking",", Biking, walking"
2935,Social activation,"caring, contact, participation, Social activation"
2936,Dancing,", Dancing"
2937,Moral education,"ethical, value, Moral education"
2938,Socio-therapy,"interaction training, Socio-therapy"
2939,Crisis intervention,", Crisis intervention"
2940,Kindness training,", Kindness training"
2941,Sociability training,"pro-social, social competence, Sociability training"
2942,Novelty trying,"experimenting, new activities, Novelty trying"
2943,Reminiscence therapy,"memory training, Reminiscence therapy"
2944,Depressives,"blue, dejected, gloomy, melancholic, mood disorder, Depressives"
2945,Self-awareness training,", Self-awareness training"
2946,Character strengths interventions,"psychic competences, strong points, Character strengths interventions"
2947,Mood awareness training,", Mood awareness training"
2948,Self-expressiveness training,"authenticity, Self-expressiveness training"
2949,Enjoyment training,"pleasure taking, Enjoyment training"
2950,Change in activities,", Change in activities"
2951,Self-affirmation training,"self-confidence, self respect, Self-affirmation training"
2952,Happiness in widows,"spouse died, Happiness in widows"
2953,Work wellbeing training,", Work wellbeing training"
2954,Mental health care,", Mental health care"
2955,Biblio-therapy,"self-help books, Biblio-therapy"
2956,Thought process awareness,"heuristics, meta-cognition, Thought process awareness"
2957,Self-knowledge,", Self-knowledge"
2958,Self-development training,"self-actualization, growth, Self-development training"
2960,Trainings using multiple methods,", Trainings using multiple methods"
2961,Reviews of happiness trainings and effect research,"meta analysis, review, Reviews of happiness trainings and effect research"
2962,Hope enhancement,", Hope enhancement"
2964,Use of health services,"medical consumption, therapy, coaching, Use of health services"
2965,Social media,"Facebook, Twitter, chatrooms, online communication, Social media"
2966,Internet addiction,"problematic internet use, Internet addiction"
2967,Effects on happiness seeking,"advice, coaching, self-help, Effects on happiness seeking"
2968,Use of happiness training,"advice, coaching, self-help, Use of happiness training"
2969,Meditation,"mindfulness, Meditation"
2970,Effects on job change,"job turnover, career switch, Effects on job change"
2971,Tax paying,", Tax paying"
2972,Genes in nation,"genetic, race, Genes in nation"
2973,Compulsory service in nation,"draft, community service, military service, Compulsory service in nation"
2974,Social service,"compulsory, duty,, Social service"
2975,Community service,"unvoluntary voluntary work, Community service"
2976,Military service,"draft, Military service"
2977,Military service,"drafted, soldier, Military service"
2978,School history,"educational career, School history"
2980,Peace of mind,", Peace of mind"
2981,Openness of economy in nation,"free trade, protection, Openness of economy in nation"
2982,Comprehensibility for children,"understandable, Comprehensibility for children"
2983,Over-education,"work-education misfit, Over-education"
2984,Weather,"rain, sun, temperature, Weather"
2985,earlier goal change,", earlier goal change"
2986,Development of goals,", Development of goals"
2988,Healthy life Years,"Disability Adjusted Life Years DALY, Quality Adjusted Life Years, Healthy life Years"
2989,Organization,", Organization"
2990,Elite education,", Elite education"
2991,Do people see the difference?,"public awareness, Do people see the difference?"
2992,Do people distinguish between variants of happiness?,"components of happiness, overall happiness, life satisfaction, hedonic level, contentment, affective, cognitive, Do people distinguish between variants of happiness?"
2993,Effect on (un)employment,", Effect on (un)employment"
2995,Migration,"change place, move , mobility, Migration"
2996,Attitudes to parenthood,"children, procreation, Attitudes to parenthood"
2997,Self-compassion,"self acceptance, Self-compassion"
2998,Compassion,"benevolence, kindness, Compassion"
2999,positive/negative ratio in Tweets,"e-messages, positive/negative ratio in Tweets"
3000,Effects on social behavior,"contacts, interaction, relationships, social ties, Effects on social behavior"
3001,Internet training,"instruction pc, social media, Internet training"
3002,Internet proficiency,"e-capability, Internet proficiency"
3004,Self-presentation as (un)happy,", Self-presentation as (un)happy"
3007,Leisure activity,"free time, Leisure activity"
3008,Actual-ideal discrepancy,", Actual-ideal discrepancy"
3009,Spa therapy,"health resort, kurort, wellness, Spa therapy"
3010,Wellness stay,"spa, kurort, health resort, Wellness stay"
3011,Hunger in nation,"famine, Hunger in nation"
3012,Household conveniences,"household appliances, goods, Household conveniences"
3013,Basic needs,"necessities, Basic needs"
3014,Alexithymia,", Alexithymia"
3016,Attitudes to nutrition,"food habits, vegan, Attitudes to nutrition"
3017,Happiness in social contexts in nations,"institutions, organizations, Happiness in social contexts in nations"
3018,Happiness in schools,"college, university, Happiness in schools"
3019,Happiness in workplaces,"factory, office, work floor, workshop, Happiness in workplaces"
3020,Happiness in households,"family, Happiness in households"
3021,Happiness in institutions,"cloister, jail, military, nursing home, Happiness in institutions"
3022,Affective component: Hedonic Level,"affect balance, emotional, mood, Affective component: Hedonic Level"
3023,Cognitive component: Contentment,"perceived realization of wants, Cognitive component: Contentment"
3024,Reasons for (des)interest in happiness,"drivers, motivation, Reasons for (des)interest in happiness"
3025,Ways  to greater happiness in organizations (meso level),"strategy, Ways  to greater happiness in organizations (meso level)"
3026,Ways to greater happiness of individuals (micro level),"happiness strategy, hedonic approach, Orientations to Happiness Questionnaire OTH or OHQ, Ways to greater happiness of individuals (micro level)"
3027,Recommended ways to improve happiness in organizations,"advice, receipt, Recommended ways to improve happiness in organizations"
3029,"Tai Chi, Yoga",", Tai Chi, Yoga"
3030,Mental disciplining,"mental control, mental focus, Mental disciplining"
3031,"Tai Chi, Yoga",", Tai Chi, Yoga"
3032,Company performance,"profit, Company performance"
3033,Farmers,"agriculture, breeder, grower, Farmers"
3034,Expropriation,", Expropriation"
3035,"Inferred happiness, on basis of known conditions","reconstructed, assumed, Inferred happiness, on basis of known conditions"
3036,Effect on self-esteem,"self worth, Effect on self-esteem"
3037,Humidity,"dry, wet, Humidity"
3038,Self-congruency across situations,"self consistency, Self-congruency across situations"
3039,Weekend work,"atypical work time, Weekend work"
3040,Advertisement exposure,", Advertisement exposure"
3041,Size of societal differences in happiness,"importance, Size of societal differences in happiness"
3042,Choice,", Choice"
3043,Multitasking,", Multitasking"
3045,Sequence of questions,"array, order, Sequence of questions"
3046,Buddhist views on happiness,"Dalai Lama, Buddhist views on happiness"
3047,Happiness in caregivers,"helper, Happiness in caregivers"
3049,Redistribution of incomes,", Redistribution of incomes"
3050,Consumption in nation,"buying, spending, Consumption in nation"
3051,Attitude to cultural preservation,"tradition, history, identity, Attitude to cultural preservation"
3052,Attitude to nation/culture of origin,"motherland identification, proud, pride, Attitude to nation/culture of origin"
3053,Teachers,"educator, instructor, professor, Teachers"
3054,Trend in parts of the world,", Trend in parts of the world"
3055,Education,", Education"
3056,Income aspirations,"materialism, Income aspirations"
3057,Appreciation of beauty and excellence,"enjoying, savoring, Appreciation of beauty and excellence"
3058,Cross border commuting,"cross border migrant workers, Cross border commuting"
3059,Perceived relative happiness,"advantage, well off, Perceived relative happiness"
3060,History of region,"past, cultural heritage, tradition, development history, History of region"
3062,Evolutionary basis,", Evolutionary basis"
3063,Violence,"abuse, Violence"
3064,Attitudes to sexuality,"genital, Attitudes to sexuality"
3065,Altruism,"egoism, Altruism"
3066,Voice,"tongue, vocal, Voice"
3067,Victim of discrimination,"social exclusion, Victim of discrimination"
3068,Bisexuals,"bi, swings both ways, Bisexuals"
3069,Homosexuals,"gay, lesbian, homo, homophile, Homosexuals"
3070,Trans-genders,"gender incongruent, gender non-conforming, queer, genderdisphoric, Trans-genders"
3071,Beliefs about onw happiness,"self-concept, Beliefs about onw happiness"
3072,Belief to be genetically determined,"essentialist belief about one-self, Belief to be genetically determined"
3073,Time spent on particular activities,", Time spent on particular activities"
3074,Time spent on childcare,"baby sitting, Time spent on childcare"
3075,Views on happiness in philosophies of life,"belief, faith, religion, Views on happiness in philosophies of life"
3076,Nature involvement,"green, hiking, Nature involvement"
3077,visibility of income differences in nation,"awareness, salience, transparency, visibility of income differences in nation"
3078,Mass-production in region,"automation, Fordism, running belt, Mass-production in region"
3079,Making people happy vs making more people happy,"greatest happiness principle, Making people happy vs making more people happy"
3080,Earlier physical activity,"sports history, Earlier physical activity"
3081,Cultural behavior fit,"cultural consonance, Cultural behavior fit"
3083,Age-composition in vicinity,"age distribution, green, gray, Age-composition in vicinity"
3084,Authentic Happiness Inventory,"index of positive mental health, Authentic Happiness Inventory"
3085,Effects on income inequality,"dispersion of incomes, Effects on income inequality"
3086,Very rich,"millionaires, wealthy, Very rich"
3087,Effects on recovery,"response to medical treatment, Effects on recovery"
3089,Preference to stop working,"wish for retirement, Preference to stop working"
3090,Negative emotion,"depressed, sad, Negative emotion"
3091,Sustainable life-style,"ecological footprint, Sustainable life-style"
3092,Effect on acceptance of tourism,", Effect on acceptance of tourism"
3093,Skill level of work,"education, specialization, Skill level of work"
3094,Happiness in war veterans,"former soldier, Happiness in war veterans"
3095,Victim of domestic violence,"violence, family, Victim of domestic violence"
3096,Obesity in nation,"bmi, obese, overweight, Obesity in nation"
3097,Attitude to country of settlement,"destination, immigration country, Attitude to country of settlement"
3098,Creative class,"mime, art, Creative class"
3099,Attitude to one's own occupation,"profession, Attitude to one's own occupation"
3100,Gender identity,"androgynous, binary (male or female), fluid, unlabeled, Gender identity"
3101,Support at work,"acceptance, help, no bullying, Support at work"
3102,Success in life,"achievement, career, status, Success in life"
3103,Attitudes to life in general,", Attitudes to life in general"
3104,"Attitudes to one's own life, other than happiness",", Attitudes to one's own life, other than happiness"
3105,Sources of social support,", Sources of social support"
3106,Support by community,"neighbor help, backing, Support by community"
3107,Spiritual wellbeing,"belief, convictions, Spiritual wellbeing"
3108,Happiness level in rural villages,"hamlet, Happiness level in rural villages"
3109,Perfectionism,", Perfectionism"
3111,Critical Incident Technique,"CIT, Critical Incident Technique"
3112,Inference on the basis of observed behavior,"behavioral indicators, Inference on the basis of observed behavior"
3113,Having a mission,"calling, Having a mission"
3115,Effects on other people personally,", Effects on other people personally"
3116,Happiness and happiness of other people,"emotional contagion, Happiness and happiness of other people"
3117,Expected rise/decline of one's own happiness,", Expected rise/decline of one's own happiness"
3118,Happiness in deviants,"abnormal, a-typical, weird,, Happiness in deviants"
3120,Tolerant,"permissive, Tolerant"
3124,VIEWS ON HAPPINESS:,"attitudes, beliefs, theories, valuation, VIEWS ON HAPPINESS:"
3125,MODES OF EMPIRICAL HAPPINESS RESEARCH,"research approaches, techniques, MODES OF EMPIRICAL HAPPINESS RESEARCH"
3126,Inequality of happiness in places,", Inequality of happiness in places"
3127,CORRELATES OF HAPPINESS,"associations, concomitants, covariate, correlation, relationship, CORRELATES OF HAPPINESS"
3128,Situational correlates of happiness,"circumstance, condition, environmental, external, habitat,  life chances, life situation, living situation, Situational correlates of happiness"
3129,Personal correlates of happiness,"individual, internal, Personal correlates of happiness"
3131,Mixed multiple personal correlates of happiness,", Mixed multiple personal correlates of happiness"
3132,Mixed multiple correlates of happiness,", Mixed multiple correlates of happiness"
3133,Societal context:,"civilization, collective,  cultural, society, sociotype, Societal context:"
3134,Institutional environment,"association, organization, group, Institutional environment"
3135,Individual circumstances,"personal space, Individual circumstances"
3136,Psychological characteristics,"mental, mind,, Psychological characteristics"
3137,Physical characteristics,"body, organism, Physical characteristics"
3138,School environment,"college, education, university, School environment"
3141,Physical environment,"material, Physical environment"
3142,Occurrences,"event, happening, incident, Occurrences"
3143,Personal + situational,", Personal + situational"
3144,Personal + behavioral,", Personal + behavioral"
3145,Situational + behavioral,", Situational + behavioral"
3146,Early philosophy of happiness,"ancient, historical, Early philosophy of happiness"
3147,Happiness in anthropology,"non-western civilizations, Happiness in anthropology"
3148,Happiness in economics,"the dismal science, science of exchange, Happiness in economics"
3149,Happiness in psychology,"science of the human mind, Happiness in psychology"
3150,Happiness in sociology,"science of human society, Happiness in sociology"
3151,Happiness in philosophy,"wisdom, Happiness in philosophy"
3152,Happiness in architecture,"building, Happiness in architecture"
3153,Happiness in urban studies,"cities, towns, Happiness in urban studies"
3154,Happiness in geography,"places, Happiness in geography"
3155,Happiness in gerontology,"ageing research, Happiness in gerontology"
3156,Pioneers in the study of happiness,"beginning, leading scholars, Pioneers in the study of happiness"
3157,Practicality of this concept,"reality value, usefulness, Practicality of this concept"
3158,Sex worker,"prostitute, Sex worker"
3159,scientist,"academic, intellectual, researcher, scientist"
3160,Education,"college, school, university, Education"
3161,Medical patients,"somatic, Medical patients"
3162,Emigration out of vicinity,"local leavers, Emigration out of vicinity"
3163,Migration in vicinity,"moving, turnover, residential mobility, Migration in vicinity"
3164,Political situation in vicinity,"local civics, Political situation in vicinity"
3165,Local democracy,"grass root democracy, Local democracy"
3166,Societal situation in vicinity,"local society, community, Societal situation in vicinity"
3167,Apparent livability,", Apparent livability"
3168,Assumed livability of nation,"life chances, QOL sum scores, Assumed livability of nation"
3169,"Post-Traumatic Stress disorder (PTS) ICD code 10, DSM code 5",", Post-Traumatic Stress disorder (PTS) ICD code 10, DSM code 5"
3170,Multiple Sclerosis (MS),", Multiple Sclerosis (MS)"
3171,Locked-in syndrome (LIS) ICD10 code: G83.5,"paralysis, pseudo coma, Locked-in syndrome (LIS) ICD10 code: G83.5"
3172,Comparison across social categories,"kind of people, Comparison across social categories"
3174,Effects on other people,"emotional contagion, Effects on other people"
3175,Happiness in disadvantaged,"excluded, deprived, destituted, Happiness in disadvantaged"
3176,Frailty,"infirmity, Frailty"
3177,Acceptance of negative emotion,", Acceptance of negative emotion"
3178,Underemployed,", Underemployed"
3179,Homeless,"houseless, unhoused, Homeless"
3180,Church drop-out,"apostacy, disaffiliation, Church drop-out"
3182,Labor market regulation,", Labor market regulation"
3183,School-home difference,"culture gap, School-home difference"
3184,Parental leave,", Parental leave"
3185,Migration,"immigrants, newcomers, Migration"
3186,Migration,"immigration, emigration, international migration, Migration"
3188,Nudging,", Nudging"
3189,Informing about effects on happiness,"happiness education, Informing about effects on happiness"
3190,Realism of self-image,"self-deceit, inflated self-esteem, Realism of self-image"
3191,Fear of modernity,"future fear, Fear of modernity"
3192,Effects on demography,", Effects on demography"
3193,Effects on attractiveness for migrants,"pull factor, Effects on attractiveness for migrants"
3194,Decisiveness about goals,"determined, Decisiveness about goals"
3195,Islam views on happiness,"muslim, Islam views on happiness"
3196,Jewish views on happiness,"jew, Jewish views on happiness"
3197,Christian views on happiness,"catholic, protestant, Christian views on happiness"
3198,Attitudes to emotion,"feeling, Attitudes to emotion"
3199,School environment in childhood,", School environment in childhood"
3200,Attitude to relative livability of nation,"comparative livability, Attitude to relative livability of nation"
3201,Betting on an undesirable outcome,"emotional hedging, Betting on an undesirable outcome"
3202,Discrepancy real-ideal self,"congruence, Discrepancy real-ideal self"
3203,Fit with pursuit of other goals,"synergy, Fit with pursuit of other goals"
3204,Fit pursuit of happiness with sustainability,"green, Fit pursuit of happiness with sustainability"
3205,Hormone levels,", Hormone levels"
3206,Happiness and Sexual behavior,"sex, Happiness and Sexual behavior"
3209,Use of pornography,", Use of pornography"
3210,Use of paid sex,"prostitution, Use of paid sex"
3211,Glucose regulation,", Glucose regulation"
3213,Regulatory focus,"promotion focus, prevention focus, approach, avoidance, Regulatory focus"
3214,Indoor green,"room plants, Indoor green"
3215,Similarity in ethnicity with spouse,"cultural homogeneity, cultural conflict, mixed marriage, Similarity in ethnicity with spouse"
3216,Perceived sources of recent happy moments,"happiness trigger, Perceived sources of recent happy moments"
3217,Affect - overall correlation,"association life-satisfaction mood level, Affect - overall correlation"
3218,Main breadwinner,"money maker, Main breadwinner"
3219,Teacher student relation,", Teacher student relation"
3220,Classification bias,"sorting error, Classification bias"
3222,Chocolate,", Chocolate"
3223,Coffee,", Coffee"
3224,"Informing about effects of choice on one's happiness, signaling function","happiness education, learning from experience of other people, Informing about effects of choice on one's happiness, signaling function"
3225,Happiness education,"information about happiness, well-being literacy, Happiness education"
3226,Comparison with the happiness of similar people,"learning from others, Comparison with the happiness of similar people"
3227,Functions of acknowledging happiness of others,"learning from others experience, signaling function, Functions of acknowledging happiness of others"
3228,Functions of (un)happiness,", Functions of (un)happiness"
3229,Stability,"balanced, calm, strong, Stability"
3230,Attribution style,"ascription, Attribution style"
3231,Parkinson disease,", Parkinson disease"
3232,Belief in life as zero-sum game,"social antagonism, Belief in life as zero-sum game"
3233,Epilepsy,", Epilepsy"
3234,Relaxation training,", Relaxation training"
3236,Best-possible self exercise,", Best-possible self exercise"
3237,Physical characteristics in childhood,"height, weight, blood pressure, bmi, biological markers, heart rate, hormone levels, Physical characteristics in childhood"
3238,Outbreak COVID-19 epidemic,"lockdown, corona, pandemic, epidemic, Outbreak COVID-19 epidemic"
3239,COVID-19 infected,"corona, COVID-19 infected"
3240,Marriage,"cohabitation, Marriage"
3241,Health care professionals,"nurses, medical doctors, psychiatrists, health care managers, Health care professionals"
3242,Effects on perceived meaning,"end, goal, purpose, significance, Effects on perceived meaning"
3243,Inference on the basis of  biomarkers,"wearables, physiological, Inference on the basis of  biomarkers"
3244,Effects on attribution,"fundamental attribution error, inference, Effects on attribution"
3245,Effect on longevity of intimates,"survival, Effect on longevity of intimates"
3246,Self-objectification,"body surveillance, body shame, Self-objectification"
3247,Income history,"poverty, volatility, Income history"
3248,Income change,"stability, volatility, Income change"
3249,Social change in childhood,"revolution, transformation, war, Social change in childhood"
3250,Religious motivation,"orientation, Religious motivation"
3251,Academics,"intellectuals, scientists, scholars, Academics"
3252,Communication in organization,"organizational silence, non-communication with management, Communication in organization"
3253,Search behavior,"topics searched, Search behavior"
3254,Volunteers,"unpaid work, Volunteers"
3255,Environmental quality,"pollution, Environmental quality"
3256,Natural resources,"minerals, Natural resources"
3257,Extraction industry in nation,"mining, oil, gas, Extraction industry in nation"
3258,Explained variance,"effect size, Explained variance"
3260,Search for social status,"recognition, Search for social status"
3261,Concerns,"interest, worry, Concerns"
3262,Concern for next generations,"generativity, conservation, Concern for next generations"
3263,Work situation,"arrangement, Work situation"
3264,Happiness in consumers,"clients, users, Happiness in consumers"
3265,Social media users,"e-contact, Twitter, Facebook, Social media users"
3266,Standard of living in vicinity,"average income consumption, Standard of living in vicinity"
3267,Union member,"trade union, Union member"
3268,Fear of happiness,"a-hedonism, pleasure denying, happiness aversion, Fear of happiness"
3269,Effect on investment behavior,"risk taking, entrepreneurship, Effect on investment behavior"
3270,Pictorial scales,"faces scale, ladder scale, mountain scale, Pictorial scales"
3271,Inequality in health in nation,"health difference, Inequality in health in nation"
3272,Social needs,"affection, affiliation, status, respect, Social needs"
3273,Trend in rural setting,", Trend in rural setting"
3274,Delaying,"procrastination, wavering, Delaying"
3275,Satisfaction with public services,", Satisfaction with public services"
3276,Satisfaction with tourism,"excursion, holiday, trip,, Satisfaction with tourism"
3277,Right for happiness,"human right, Right for happiness"
3278,Handicapped child,"disabled, invalid, Handicapped child"
3279,History of happiness policy,"happiness promotion, History of happiness policy"
3280,In compensatory education program,"additional schooling, In compensatory education program"
3281,Realism,"pragmatic, matter-of-fact, Realism"
3282,Effect on productivity,"production, yields, Effect on productivity"
3283,Humanistic views on happiness,"atheist, Humanistic views on happiness"
3284,Happiness-Life Satisfaction correspondence,"association responses to questions on happiness and life-satisfaction, Happiness-Life Satisfaction correspondence"
3285,History of nation,"cultural heritage, tradition, development history, History of nation"
3287,Self-compassion training,", Self-compassion training"
3288,Meaning training,"loge therapy, seeing purpose, Meaning training"
3289,Support by spouse,"mate, partner, husband, wife, help, backing, Support by spouse"
3290,Training tools,"course, interventions, technique, therapy, Training tools"
3292,Asexuals,"nonerotic, nongenital, Asexuals"
3293,Valuation of long-term in nation,"long-term orientation, Valuation of long-term in nation"
3294,Participation in family,"involvement, presence, support, Participation in family"
3296,Happiness of parents,"father, mother, Happiness of parents"
3297,Parent of handicapped child,"caregiver, Parent of handicapped child"
3298,Trend happiness among parents,"father, mother, Trend happiness among parents"
3299,Weapon,"gun, revolver, rifle, Weapon"
3300,Effect on self efficacy,"effectiveness, potency, power, Effect on self efficacy"
3301,News consumption,"actuality, information, News consumption"
3302,Risk perception,"danger, hazard, Risk perception"
3303,Economic recession in childhood,"crisis, deterioration, poverty, Economic recession in childhood"
3304,Global lifestyle,"international, modern,, Global lifestyle"
3305,Observation techniques,"measuring, monitoring, scaling, scoring, rating, Observation techniques"
3306,Mental activation,"memory training, Mental activation"
3308,Happiness in tourists,"vacationer, visitor, Happiness in tourists"
3309,Fear of COVID-19,"infection, pandemic, Fear of COVID-19"
3310,Happiness and Delay of Gratification,"economical future oriented, long-term orientation, safe, stingy, Happiness and Delay of Gratification"
3311,Effects on moral behavior,"just, ethical, Effects on moral behavior"
3312,Ikigai inventory,", Ikigai inventory"
3313,Humility,"openness, real self image, Humility"
3314,Happiness in history,"past, earlier times, Happiness in history"
3315,Energy Poverty,"fuel, energy, poverty, Energy Poverty"
3316,Abortion,"abortion, miscarriage, still birth, Abortion"
3317,English proficiency,", English proficiency"
3318,Epidemics in nation,"epidemic, prevalence, Epidemics in nation"
3319,COVID-19 epidemic in nation,"epidemic, COVID-19 epidemic in nation"
3320,Perceived meaning in being happy,"sense of happiness, Perceived meaning in being happy"
3321,Richness of ones life,"abundance, variety, challenging, Richness of ones life"
3322,Epidemic control:,"lockdown, economic support, stringency, Epidemic control:"
3323,Homemaker,"housewife, Homemaker"
3324,Spatial structure in region,"centralization-dispersion, Spatial structure in region"
3325,Victim of sexual harassment,"me-too, rape, assault, Victim of sexual harassment"
3326,AIDS epidemic in nation,"HIV, AIDS epidemic in nation"
3327,Displacement,"refugee, Displacement"
3328,Synthetic studies that used the World Database of Happiness,"research synthesis, meta analysis, review, Synthetic studies that used the World Database of Happiness"
3329,Trend happiness by political preference,"party, Trend happiness by political preference"
3330,Balanced life-style,"proportional, Balanced life-style"
3331,Hedonic lif style,"plesur4 seeking, Hedonic lif style"
3332,Credit rate in nation,"debt, Credit rate in nation"
3333,Chronic illness,"enduring disease, Chronic illness"
3334,Satisfaction with governmemt,", Satisfaction with governmemt"
3335,Attitudes of parents,"parental values, beliefs, Attitudes of parents"
3336,Energy use in region,"ecological footprint, Energy use in region"
3337,Modern life style,"progressive, non-traditional, Modern life style"
3338,Effects on coping,"dealing, handling, Effects on coping"
3339,Demand for goods and services in nation,"market chances, Demand for goods and services in nation"
3340,Attitudinal rigidity,"prejudice, Attitudinal rigidity"
3341,Spilover of satisfaction (top down),"influence, Spilover of satisfaction (top down)"
3342,Competition,"rivalry, Competition"
3343,Religious problems,"burden, strain, Religious problems"
3344,"Illness, disability","disease, Illness, disability"
3345,Modesty,"antonyms: bold, arrogant, Modesty"
3346,Value similarity of parents,"consonance, conflict, Value similarity of parents"
3347,Grandparent,"grandpa, grandma, granny, Grandparent"
3348,Climate activist,", Climate activist"
3349,Belief that one can get happier,"happiness optimism, Belief that one can get happier"
3350,Instrumental use,", Instrumental use"
3351,Use in Human Resource Management (HR),"personal, Use in Human Resource Management (HR)"
3352,Belief about meaning of life,"purpose, Belief about meaning of life"
3354,Employees,"salary workers, Employees"
3355,Report on happiness in mass media,"media bias, Report on happiness in mass media"
3356,Organizational justice,"fair treatment, Organizational justice"
3357,Farmer,"agriculturalist, Farmer"
3358,Ecological farming,"green, sustainably, Ecological farming"
3359,Agriculture,"farming, Agriculture"
3360,Teaching practice,"instruction, Teaching practice"
3361,Distance teaching,"remote, virtual, tele teaching, Distance teaching"
3362,Clergy,"religious, priest, num, monk, Clergy"
3363,Prisoner,"convict, jail bird, Prisoner"
3364,Happiness in genders,"sex, Happiness in genders"
3365,females,"women, females"
3366,Males,"men, Males"
3367,Language bias,"verbal, terminological, Language bias"
3368,Waste pickers,"garbage collectors, Waste pickers"
3369,Happiness in life-history,"earlier happiness, Happiness in life-history"
3370,Happiness in childhood,"happy youth, Happiness in childhood"
3372,Perceived effects of oenes own happiness,"self attribution, Perceived effects of oenes own happiness"
3373,Value change,"progressive vs conservative, Value change"
3374,Adult education,"3rd age education, Adult education"
3375,Life-long learning,"continuous education, schooling, Life-long learning"
3376,Happiness weighted QOL indexes,", Happiness weighted QOL indexes"
3377,Homemaker,"housewife, Homemaker"
3378,Happiness in animals,"beast, mammal, livestock, Happiness in animals"
3379,Difference in effect of objective and subjective determinants,"outer vs inner causation, Difference in effect of objective and subjective determinants"
3380,Happiness in urbanites,"city dwellers, Happiness in urbanites"
3381,Difference between macro and micro level determinants,"cross level, Difference between macro and micro level determinants"
3382,Shopping,"buying, Shopping"
3383,Arts education in elementary school,"singing, drawing, theater, Arts education in elementary school"
3384,Strippers,"erotic dancer, Strippers"
3385,Difference across regions,"regional variation, Difference across regions"
3386,Pride of nation,"proud, respect, Pride of nation"
3387,Pet owners,"company animals, Pet owners"
3388,School,"college, university, School"
3389,Doubled class,"understudy, Doubled class"
3390,In love-relation,"bond, in love, partnered, In love-relation"
3391,Arts in nation,"fiction, cinema, fine writing, literature, music, Arts in nation"
3392,Wealth,"affluence, GDP, Wealth"
3393,Day light in home,"sun, Day light in home"
3394,Machine learning,"AI, artificial intelligence, Machine learning"
3395,Internally controled (vs externally),"self monitoring,  dependence, conformism, inner locus of control, Internally controled (vs externally)"
3396,Livability of vicinity,"local livability, Livability of vicinity"
3397,Attitude to state welfare effort,"social security, Attitude to state welfare effort"
3398,Wage level in region,"salary, pay, Wage level in region"
3399,Wage level in nation,"salary, pay, Wage level in nation"
3400,Conservatism,"status quo bias, Conservatism"
3401,Military,"soldier, Military"
3402,Happiness in occupations,"trade, profession, job, kind of work, Happiness in occupations"
3403,Happiness in sporters,"leisure activity, physical exercise, Happiness in sporters"
3404,Rural upbringing,"raised in country side, Rural upbringing"
3405,Study abroad,"international student, Study abroad"
3406,Clinical rating,"rating by psychologist, Clinical rating"
3407,Realistic perception of spouse,"understanding marriage partner, accuracy, Realistic perception of spouse"
3408,Generativity in region,"creativity, performance, productivity, vitality, Generativity in region"
3409,Energy consumption in nation,"ecological foot print, Energy consumption in nation"
3410,Freedom,"choice, Freedom"
3411,Emotion regulation,"self control, Emotion regulation"
3412,Use in health care,"clinical, outcome, Use in health care"
3413,Autonomy,"self direction, Autonomy"
3414,Cultural bias,"contextual, local views on happiness, Cultural bias"
3415,Finding reports (generated from a finding archive),"listing, selection of research results, Finding reports (generated from a finding archive)"
3417,Happiness in era,"period, years, time, Happiness in era"
3418,Nationality,"citizenshap, country, Nationality"
3419,Attitude-behavior consonance,"compatibility, similarity, Attitude-behavior consonance"
3420,Reflexion on answer,"consideration, serious, Reflexion on answer"
3421,Dryer,", Dryer"
3422,Sexual activity,"frequency, Sexual activity"
3423,Positivity bias,"rose colored,, Positivity bias"
3424,Music preference in nation,", Music preference in nation"
3425,Earlier satisfactions,"past satisfaction, Earlier satisfactions"
3426,Effect on marriage chance,"get married, Effect on marriage chance"
3427,Dataquadrate,", Dataquadrate"
3428,Effects on marriage,", Effects on marriage"
3429,Effects on satisfaction with marriage,"marital satisfaction, Effects on satisfaction with marriage"
3430,Effects on law abidance/breaking,"conformism, deviance, crime, Effects on law abidance/breaking"
3431,Conformism,"follow rules, protest, deviate, Conformism"
3432,Basic income,", Basic income"
3433,Consistency,"component correlation, Consistency"
3434,Time since migration,"years abroad, Time since migration"
3435,Happiness and social capital,"social assets, connections, relations, reputation, resources, Happiness and social capital"
3436,Advised format of presentation,"standard reporting, Advised format of presentation"
3437,Difference between happiness and life-satisfaction,"Happiness gap, Difference between happiness and life-satisfaction"
3438,Difference between satisfiers and dissatisfiers,"advantage, disadvantage, Difference between satisfiers and dissatisfiers"
3440,Change economic regime,"economic reform, policy change, Change economic regime"
3441,Visits to home country,"roots travel, Visits to home country"
3442,Actors,"artist, performer, Actors"
3443,Private or public school,", Private or public school"
3444,Effects on proference for status quo,"conservatism, status quo bias, Effects on proference for status quo"
3445,Soldier's wife,"army, military spouse, Soldier's wife"
3446,Involuntary childless,"infertile, unwanted, Involuntary childless"
3447,Voluntary childless,"childfree, Voluntary childless"
3448,Vigorous,"brisk, vital, zealous, Vigorous"
3449,Contact with nature,"forest, mountains, Contact with nature"
3450,Living with adult children,"co-residence, Living with adult children"
3451,Country of settlement,"host country, destination, Country of settlement"
3452,Adoptive child,"being adopted, Adoptive child"
3453,Effects on rationality,"judicious, prudent, Effects on rationality"
3455,Avoidance below midpoint,"below 5 cliff, Avoidance below midpoint"
3456,Impulse buying,"unintended purchase, Impulse buying"
3457,Penile cancer,"penis cancer, Penile cancer"
3458,Self improvement,"self development, Self improvement"
3459,Belief that happiness depends on luck,"blessing, serendipity, windfall, Belief that happiness depends on luck"
3460,Belief to have luck in life,"strike of fate, blessing, fluke, serepdipity, windfall, Belief to have luck in life"
3461,Leprosy,", Leprosy"
3462,Relational consumption,"gifts, dining, Relational consumption"
3463,Spirituality,"devive, meta-physival, mistic, sacred, Spirituality"
3464,Risky seks,"unsafe, Risky seks"
3465,Reputation,"prestige, standing, Reputation"
3466,Extra-marital seks,"open marriage, Extra-marital seks"
3467,Loves,"love affair, Loves"
3468,Use of emoticons,"smilies, Use of emoticons"
3469,Social status of spouse,"partner's prestige, Social status of spouse"
3470,Political position of spouse,"party member, delegate, official, Political position of spouse"
3471,Death anxiety,"Fear of dying, Death anxiety"
3472,Choice,"preference, Choice"
3473,Use of vaccination,"immunization, innoculation, Use of vaccination"
3474,Working student,", Working student"
3475,Security of income,"guaratee, stability, Security of income"
3476,Characteristics of parents,", Characteristics of parents"
3477,Personality of parents,"character, Personality of parents"
3478,Difference between external and inner determinants,"environmental, personal, Difference between external and inner determinants"
3479,Happiness in church attendants,"religious participation, worship, Happiness in church attendants"
3480,Effects on sleep,"insomia, Effects on sleep"
3481,Rents,"hire out, lease, Rents"
3482,Satisfaction with marriage,"marital adjustmen5, Satisfaction with marriage"
3483,Infertitily,"childless, Infertitily"
3484,Season work,"summer job, harvest job,  temporary, Season work"
3485,Time management,"planning, control, Time management"
3486,Working children,", Working children"
3487,Living in a Kibbutz,"collective settlement, commune, Living in a Kibbutz"
3488,Instititional change,"Re-organization, Instititional change"
3489,Preference for fairness over advantage,"competiveness, socialility, Preference for fairness over advantage"
3490,Facebook 'likes',"endorsement, Facebook 'likes'"
3491,Expenses in nation,", Expenses in nation"
3492,Expenses on health in nation,"expenditure, health budget, Expenses on health in nation"
3493,Effects on perceived control,"inner control orientation, external control orientation (toy of fate), Effects on perceived control"
3494,Worries about money,"financial problems, Worries about money"
3495,Wellbeing services in vinicity,"advice, leisure, help, Wellbeing services in vinicity"
3496,Harmony in life,"balanced, ease, no conflict, Harmony in life"
3497,Housing renovation,"move, Housing renovation"
3499,Effect on bone fracture,", Effect on bone fracture"
3500,Discrepancy real-social self,"self-presentation, Discrepancy real-social self"
3501,Day-dreaming,"ideate, imagine, fantasy, Day-dreaming"
3502,Married share in nation,"partnered, not single, Married share in nation"
3503,Taxation in region,"fiscal, toll, Taxation in region"
3504,Marital tension,"conflict, problems, Marital tension"
3505,Genetic selectivity in nation,"selective in/out migration, Genetic selectivity in nation"
3506,Attitudes to leisure,"free time, Attitudes to leisure"
3507,Legalization,"acceptance innitially illegal practices, Legalization"
3508,Illegal settlers,"undocumented, Illegal settlers"
3509,Expenses on education in nation,"+educational budget, Expenses on education in nation"
3510,Expenses on social security,"income support, Expenses on social security"
3511,Day care,"care outside home, Day care"
3512,Social anxiety,"social phobia, Social anxiety"
3513,Satisfaction with work in nation,"job satisfaction, Satisfaction with work in nation"
3514,Effects on response to medical treatment,"therapy, invervention, Effects on response to medical treatment"
3515,Nordic pattern,"scandinavia, viking heritage, noth-West Europe, Nordic pattern"
3516,Societal patterns,"cultures, type of nations, Societal patterns"
3517,Welfare receipients,"dole, on social security, Welfare receipients"
3518,Same seks relation,"homosexual, gay, lesbian, Same seks relation"
3519,Firefighters,"fireman, Firefighters"
3520,Very old,"centenarians, Very old"
3521,Sport fans,"supporter, Sport fans"
3522,Voluntary associations,"club, society, Voluntary associations"
3523,Fan club,", Fan club"
3524,Kind of voluntary association,"object of club, Kind of voluntary association"
3525,Quality of voluntary association,"effectiveness, Quality of voluntary association"
3526,Effects on wider quality of life,"florishing, good life, living well, Effects on wider quality of life"
3527,Equality,", Equality"
3528,Single parents,"lone parent, oe parent family, Single parents"
3529,Efect on recovery from puberty dip,", Efect on recovery from puberty dip"
3530,Parental rearing sryle,"uobringing, socialization, disciplining, Parental rearing sryle"
3531,Had facial surgery,"plastic surgery, Had facial surgery"
